Policy_ID,Customer_Age,Gender,Policy_Type,Annual_Income,Claim_History,Fraudulent_Claim,Premium_Amount,Claim_Amount,Risk_Score
ba50019f-04eb-43d8-9c52-1a8f4a8e0bd9,69,Other,Health,194960.96,7,0,2368.06,4848.94,Medium
ac48bb3f-8816-4262-8f92-75e9af23a4b0,32,Male,Health,129534.91,3,0,564.49,2785.34,Low
7cf121a3-4e26-4e4e-a1e8-b778bef6744a,89,Male,Property,82911.15,7,1,2652.51,6461.19,Low
d947640c-7756-49f0-984e-a772cb9b19f1,78,Male,Auto,40537.24,1,1,594.59,2887.05,Medium
8b0e44a5-2e89-4406-a08e-93604eff8407,38,Other,Health,47224.43,9,0,4188.24,42250.61,Low
1c8b1066-c6eb-4030-a237-08c501ad96e6,41,Other,Auto,60557.05,8,1,4211.84,2952.51,Low
1cf93a35-ac77-4d78-92a4-7833a9bb0b62,20,Other,Life,65174.0,8,1,4044.84,13583.21,High
e6b7d397-11f7-41f7-aa92-a102c917aacd,39,Other,Life,173110.89,7,1,1775.14,5187.82,High
254de930-91ad-488e-9ba6-aa22902edbd1,70,Other,Life,121020.1,9,1,4267.57,14771.1,Low
c27f5a5e-a814-4cd0-b202-1c6615958c70,19,Male,Property,114210.36,9,1,2943.49,4527.97,Low
fdbe277f-5898-4540-b5da-43fb701b9941,47,Female,Auto,40658.4,0,1,2182.14,33400.16,Medium
3c069ba3-0365-4b75-86f5-68aa86750dd2,55,Male,Life,174825.14,1,0,3313.98,6666.34,Low
e78f46ea-4032-4ef8-a63d-acf44d197caa,19,Other,Health,150106.57,5,0,555.53,42592.3,High
f9000aa4-27d8-4bf8-af8a-fcf50ae36a87,81,Male,Life,32180.31,9,0,1143.32,40859.55,Low
b5751bd9-3177-4fe9-b4de-0fc2007ba168,77,Other,Life,147410.32,4,0,3840.32,683.08,Medium
24c9f595-02b2-4aa7-ba55-d891a2c2974e,38,Other,Life,117836.88,8,0,1598.73,44786.32,High
ae1f6b6c-6c34-4087-8d7b-9a647be9f0a7,50,Male,Property,34710.56,4,1,3191.04,1447.22,High
ef0c03c9-706a-4296-b442-2545eb14e449,75,Other,Health,102494.12,1,0,2232.96,11982.29,High
edaef9ec-d508-450e-aa64-e739a6d6e055,39,Female,Auto,107245.33,9,0,4346.63,1619.46,High
bca2556a-6f90-48f5-924c-003ab8bd1e5c,66,Other,Health,49839.42,3,1,4785.87,16792.17,Low
abb099b2-0aec-4302-895e-59a9962ba438,76,Female,Auto,190225.67,8,1,4476.04,25693.33,Medium
fc044bef-0bc7-423d-933a-3193abf2543b,59,Female,Property,172995.57,0,0,1717.79,39832.24,Low
95849191-803a-4360-a4ea-227a9bc35a05,77,Other,Property,140424.02,0,1,1373.73,16899.08,Low
43bb6899-1858-4333-bf91-61eb7acefb5a,32,Male,Property,103213.2,6,1,2634.96,35274.5,High
3589d764-b9c3-4af9-a704-46cfe4ab944c,79,Female,Property,94117.8,2,1,533.0,9375.22,Medium
974d7211-03a2-4c50-8c12-1ed526733aa9,79,Male,Auto,137175.22,9,1,616.14,37529.92,High
a39708c8-bad9-4a6e-ac26-487d418ddac5,64,Female,Life,118177.74,1,0,2989.81,11799.83,Low
227854f6-b9bd-44a5-b538-2472e25f86da,79,Other,Auto,31209.16,8,1,2842.02,7177.24,Low
9ca3506a-5198-4110-affb-65b8c75acc73,68,Other,Health,112250.48,2,0,4975.62,9270.44,High
e762813e-8484-48de-bd8a-b2e6f194494a,72,Female,Property,165152.65,1,0,1408.29,9103.16,Low
500c5731-1856-41db-8910-72169068bc17,81,Other,Property,102663.18,7,1,1661.47,25643.14,Low
390a09ac-ecd0-411b-bf30-4f035d1344c0,20,Female,Health,29352.18,9,1,1010.93,42239.88,High
52a68838-a5d5-423f-9f58-251364861c6c,68,Other,Auto,161530.08,5,1,4628.94,3980.25,Low
3af1e4ac-ea10-47f8-8a67-b80f1fdcafb9,24,Male,Life,56245.48,5,0,4000.15,35347.82,Medium
cbfde4ba-c0eb-4512-b889-6576b2096ddb,38,Other,Life,66551.75,9,1,4200.53,32717.32,High
1759123a-cf2c-417b-b8c6-7fac1644a4b8,56,Male,Health,49647.14,6,1,4562.44,43626.0,Medium
f79c2bd9-a6cf-46f8-8448-22c7c9f36593,35,Other,Life,79438.71,6,1,2862.05,12207.38,Low
29a17ad8-9f5e-4e13-ac37-d196a98ff760,21,Male,Auto,156215.27,5,1,2530.37,22505.49,Low
9688e583-ab8a-40cc-85aa-c6d8c2d44d22,77,Other,Auto,113489.45,3,1,1986.76,46291.37,High
b68d9ffe-190f-4a95-856a-d32b3416cc24,31,Male,Health,56878.63,8,0,3151.47,32999.67,Low
e3e3502a-6edf-4aaf-8576-4006b7bd1644,26,Female,Auto,178009.41,5,1,2544.25,19438.42,High
2c6163e8-8968-4553-a900-8569ffae167b,70,Female,Property,178324.73,3,1,2532.05,6570.62,High
2acba649-f177-4a6d-972b-aeecc0f8230e,19,Male,Health,176704.12,2,1,4716.18,13124.25,High
c981d98b-01d1-44bc-b012-682db772d521,77,Other,Auto,62983.32,3,0,4928.14,29060.77,High
31b83b79-7c0f-4d27-ae4f-221c899c88d1,88,Male,Health,101223.08,2,1,4084.18,35908.4,High
0f6df754-674f-4ce4-a12f-9b3eb9b4f74a,61,Other,Life,197298.14,1,0,3905.41,6221.09,Medium
0a57e817-f12a-4451-9fe2-9e412a98004e,25,Female,Auto,158962.25,4,0,3562.51,29979.86,High
a85c71cc-f8d9-47e8-a2f9-4eb422787e74,64,Other,Property,24890.14,1,1,1247.34,27517.56,Medium
28a685ed-dfc7-4a51-94e4-cd85c14923d6,52,Female,Auto,31736.83,5,1,765.98,25697.77,Low
8b4a453b-3a95-4d02-ac23-f66debac9b95,53,Other,Health,103507.65,2,1,3608.27,34506.16,High
ea3d8589-55d5-48be-8b80-65043694fbd4,67,Other,Health,183659.64,5,0,3779.54,41872.48,Low
dbbdca08-14f3-4c8b-bf83-e37e345b749a,21,Other,Auto,116966.32,9,0,711.38,16149.48,High
94c1a82e-3dd9-43fd-b026-9a5d918310b1,19,Male,Property,109606.25,8,0,4676.23,44450.61,Medium
5de74186-d6bc-4c85-861b-41c182fa8dd8,23,Male,Property,38985.27,0,0,910.13,8031.68,Medium
f1a3d7ca-2331-461d-a45f-02e29247d75b,71,Female,Property,138220.42,5,0,1786.55,8651.19,Medium
d5752b95-a9f0-4235-8660-1016efe2c91f,21,Female,Health,167978.57,8,0,3525.75,13338.6,Low
9b83d41f-44b8-460b-8875-a0e1e3772f5e,71,Male,Auto,88475.6,3,1,1264.43,5976.54,High
5fc66fb1-b3f4-4300-80ba-83b9b036fdc9,80,Female,Life,159610.13,1,1,749.37,11515.96,Low
60661ca6-2e81-4c4d-9ec8-f7d06a75a5d1,35,Male,Health,193605.8,3,0,1990.16,5320.59,Medium
8d8684e6-c323-4308-8a90-2b7d3aa4b6a5,61,Other,Property,56677.96,0,1,3946.87,41087.62,Low
749078ca-dd61-4449-9f77-1be6ecfe69fd,51,Female,Auto,114199.33,2,1,2361.55,6948.45,Medium
1b30ff93-6570-4d43-a502-411abc201e11,79,Female,Property,71684.83,9,0,3438.38,37364.88,Medium
b46cc0c9-5a32-4f95-9ea7-e7a0ee722f5a,31,Male,Life,162713.8,8,0,3108.29,2395.69,Medium
bccacf32-27a0-43ef-8b96-6c5d86ac659f,65,Female,Property,123966.81,9,1,599.98,47426.02,High
5eeb0aa7-9af1-49fc-9d8e-b1a941c45914,32,Female,Property,134224.84,4,0,4948.43,35558.0,High
bc157342-eb60-4069-9168-ae80353e7548,89,Other,Life,163624.55,5,0,686.43,339.83,Medium
7d1080ac-c0a6-4c97-9796-73f1896f5fa8,79,Female,Auto,91274.69,2,1,4855.11,38192.83,Low
265bd353-99ff-4dc8-8156-bac17a48409d,57,Other,Health,184716.21,4,0,2974.39,25704.1,Low
c344ccab-bb75-4136-86b9-f957f40d49cd,70,Male,Auto,115945.2,7,1,4834.22,38968.26,High
1db5a199-8031-4236-8eac-e3ee1b0c93e8,41,Female,Life,48431.87,5,1,1016.39,26124.84,Medium
9ea3a2fe-4aaa-49fc-be60-58de32dab259,43,Other,Property,145261.84,3,1,2706.84,32051.24,Low
8df89421-7924-4639-8fd8-6e5311597017,77,Male,Auto,162787.04,1,1,1262.77,39316.58,Medium
e339d119-8634-4df4-a19a-e03ff8877db9,58,Female,Health,77017.1,8,1,729.39,20255.4,Low
f3d779a9-d4e3-40fc-b5b4-82740304acb6,46,Male,Life,174292.27,0,0,3278.88,135.41,High
96f67127-026d-4ade-bf49-da36610d182a,32,Female,Auto,183105.79,0,0,1435.03,42497.32,Medium
cb877a2e-9c79-4f25-b5dd-17181d4d6df5,62,Male,Health,69842.81,3,0,3144.64,19044.52,Medium
ff592e8a-7044-4615-a7b8-a38723bd810e,82,Male,Life,197033.87,6,0,1005.64,24802.14,Low
3af89716-d953-4542-8940-3ceb6e72e502,88,Other,Health,45328.08,0,1,1993.94,388.33,Low
3b2e5d91-a491-4da0-8337-d4be1654102c,26,Male,Life,56362.82,8,1,4017.35,24604.6,Low
7e0a8f11-e78c-43de-a83e-a5535320019c,18,Female,Property,53160.47,3,0,2466.73,49324.37,Medium
0f3bcff5-523a-4b54-ad27-331f907cd24f,25,Female,Auto,180918.15,2,1,3324.85,13913.38,High
22e7bafe-d1d8-4b76-b2fa-72e9b8981eb5,80,Other,Health,137772.66,0,0,3413.56,19770.91,High
1508fa87-f0aa-4988-a458-3029fc2875d9,28,Female,Life,47378.77,9,0,4296.9,34359.5,Low
2b89a12f-5cf0-44b4-986f-0edb643677a3,25,Female,Health,99258.22,3,0,1962.15,40739.68,High
44dac510-6844-4677-bc7f-4d4c2a40e043,52,Female,Health,130753.64,8,1,3592.83,20869.58,Low
b39f4681-36fc-415c-979d-f19afc570e77,52,Male,Auto,35023.54,9,1,4827.27,15483.44,High
4f2cb819-0a3c-41ba-9d2d-725f67aac81a,50,Male,Property,178834.95,5,1,3786.1,46891.29,Medium
193a0ba9-a624-47c8-941f-b18425e4020f,22,Female,Health,164648.64,5,1,2704.42,33857.25,Low
49234650-fc34-483c-b8e9-f003f80163e3,58,Other,Life,110937.22,0,0,3338.23,5951.07,High
0ae1518a-b989-42ae-8cc9-3c6970c15a00,45,Male,Life,194082.79,9,1,3828.57,3446.39,Medium
87742d5e-ad15-4f0c-832d-97e897ed7c9e,24,Other,Property,95196.98,1,1,3255.24,24177.49,High
9c6bfe33-d364-4874-aaec-f9667c7f1f8c,89,Female,Life,197139.86,5,1,575.04,11004.5,Medium
96de997e-860d-4e01-a2a4-9ec50a1d3b31,29,Female,Property,140225.6,1,0,1376.48,12699.24,Medium
2cda18b6-dd8d-4d8c-8656-fabeae794a03,51,Male,Life,134240.83,2,0,4147.11,43884.61,High
73675f9f-defc-4dc1-b3ff-1423c9427a66,50,Female,Auto,49871.88,3,1,1726.93,4478.3,High
0d552e92-2585-4525-b85b-6c5d76e90479,65,Male,Health,178747.0,4,1,3792.03,35768.21,Medium
3d9504eb-955b-45fb-b584-30922fd46981,40,Female,Auto,96948.14,8,1,2174.54,13557.11,Medium
0e9c8fcf-e7c4-4987-a50e-7a81ef855f00,79,Female,Health,49202.01,3,1,2848.48,38016.41,Medium
3c77efd5-47aa-458d-bc94-ac4393036c04,54,Male,Health,22269.35,8,0,805.88,36120.57,Low
cc193e40-3b8d-48c8-b3c8-3a0072ae6df4,61,Male,Health,120756.02,9,1,1315.52,369.6,Medium
6ed70f40-8a1b-4dbf-8c5c-ce0a5e1c649f,52,Male,Auto,114931.93,2,1,4807.39,25456.77,Low
1a663bd9-478b-4c68-a0bd-4e9d09605ee5,82,Female,Health,149483.65,7,1,4505.62,6965.97,Medium
3f6781f4-6d9c-4795-91a9-85be06c73569,64,Female,Auto,180246.45,0,0,3435.24,43311.35,Low
f466a213-d543-4fb7-97a8-94354907d9cf,20,Other,Property,34293.19,8,0,2568.4,43579.29,Medium
1570af0b-318b-41f7-8d78-48a931f454e1,18,Male,Life,151669.37,8,1,3540.93,20917.29,Medium
ec2c56c1-7699-4f54-b75d-7c3e8e0130fd,22,Female,Life,53734.15,9,1,3283.75,22219.78,Medium
f85e24b5-158b-4948-ab11-a7c0a689780e,31,Female,Health,174471.87,1,1,3058.49,15164.15,High
321aaa7c-3a06-4314-8e73-d802802c5a90,44,Male,Auto,167431.43,3,1,766.3,35830.31,High
f096effd-05ab-4686-8533-42a67b24122a,26,Other,Life,117342.88,7,1,3347.61,17933.07,Medium
233308f4-c896-4c51-88f7-a7b4ded08bdf,32,Male,Auto,147843.7,6,0,3960.14,13389.62,Low
e1f91545-e398-45a9-802b-c350efedeb3a,59,Other,Auto,76583.02,0,0,4973.37,21611.55,Low
9463c011-d0bc-4c1b-b634-66ff35127fe6,68,Female,Health,104810.22,4,0,549.85,4574.38,Medium
91737e9c-b909-4fd6-b032-e73c99ddd771,80,Other,Life,167894.64,6,1,3785.78,37330.16,High
80a05716-5d01-4ccc-8ffb-d9c569f04d66,69,Female,Health,102667.74,3,0,3073.05,629.82,Low
fa3bc31d-3480-4ba3-baa2-fe1fe7780ec1,21,Male,Health,84403.69,0,0,2453.23,32224.25,High
43f1ef7e-1cf6-4b19-8f78-c99fb62c5d8b,40,Male,Life,108958.24,8,0,1074.07,9143.23,Low
d8b558a8-8e21-46f6-b91f-5b266f9f0cad,32,Male,Life,169084.87,4,1,2340.88,11620.2,Medium
55d01753-94d9-4359-9924-c71a57b2a71d,60,Other,Property,80337.45,1,1,2094.7,31781.6,High
27193574-afed-450e-a16c-ffb7584fd33a,46,Female,Property,51277.09,7,0,1862.73,49647.17,Low
d0e32942-2e84-463d-9c83-ba4266e0a970,53,Male,Auto,148162.52,1,1,3788.96,38885.87,Medium
b6292d08-62c2-44d1-9c03-a7d0f43d061b,30,Male,Life,168676.08,2,0,3653.26,11291.98,Medium
6af5bfae-36e3-44d6-8826-f30738e8ca7e,49,Female,Property,38114.75,9,0,3150.59,8801.24,Medium
fb0d7040-591e-4632-a7bc-94fc59ce7362,88,Male,Auto,63177.34,0,0,4723.99,43311.64,High
bb04d79d-1489-4bf5-bfe2-fc71607cd7fd,76,Female,Auto,45554.96,1,0,2074.34,22209.2,High
14a1cb99-7bf2-4804-9051-730b9348ab45,45,Female,Auto,82629.45,6,1,1597.11,6852.64,Medium
491b7502-7fbc-4d7d-ae93-bdd69923bf0d,83,Female,Property,101063.18,9,1,3451.56,43110.57,High
6f829969-8ab1-4e42-af1d-832fd5a4ca8d,59,Female,Life,154788.74,1,1,1394.66,40804.62,Low
163a46ee-de1d-4968-ab8f-0fdf78c8f67e,62,Female,Health,137206.57,5,1,1917.55,49195.32,Medium
f891fe73-564c-4042-bdd5-e9a0f00faabf,79,Other,Auto,131767.14,2,0,1510.71,45487.18,Medium
80a21dcd-998d-4add-9717-9f3c0b76ab09,74,Male,Property,83427.49,3,1,811.19,42589.52,High
aa263d3d-7d79-4b56-b637-25e28766cd1a,23,Other,Property,171460.56,7,0,4223.74,2628.72,Medium
6a009b62-0ede-4630-8f12-4121f1643dc2,45,Male,Health,104831.69,2,1,1645.43,5220.77,Low
9f31a933-5b69-4054-b63f-463f34b99ed1,45,Other,Health,196238.89,9,1,2628.62,28449.16,High
524ee88b-973f-4ab7-8f20-65114202b02d,61,Female,Property,134145.58,5,1,694.92,26573.96,High
68659e79-931a-4e5b-ac5a-8162c1b903fd,47,Male,Life,42727.65,0,0,3647.03,22898.16,Medium
ebb5367b-98ba-40e6-871f-8227827a3b0b,79,Male,Health,141711.96,6,0,1987.52,19839.47,Medium
f0e501d5-8f3c-45c1-b638-c95f4f0233b0,79,Other,Property,78518.72,7,0,3851.32,21560.52,Medium
862132a2-7c9d-4d7e-8c03-9cf7ee1b5f23,18,Other,Health,143538.9,7,0,2355.81,28464.9,High
5fbb105a-7d57-4478-81a4-a9b8c7a5d65e,44,Male,Life,32535.41,2,1,1380.9,103.83,Medium
5006d152-4669-40d6-9df5-f1c885b8dcf9,79,Other,Auto,51478.66,9,0,2809.29,13035.44,Low
95f55318-4517-4b48-8ce2-ed26fc99776f,20,Other,Health,174032.71,0,0,1087.27,25913.99,Medium
49ac259f-95dd-4e45-94a2-c28402d3810d,87,Other,Life,60892.32,8,1,2482.43,36110.8,Medium
8b281401-ed87-4677-806f-2454c3fc70e0,89,Female,Property,170667.4,5,1,1927.87,8707.83,High
07afbd46-dbd7-4520-8bdd-340777eec4a2,44,Female,Health,70269.7,8,0,4603.82,27344.06,Medium
54a86409-af0c-44f0-92c3-88570e6876d9,26,Other,Health,135718.74,6,1,774.18,35722.98,High
a161d83f-cb1a-4eb1-82ee-8accd1beb9d4,79,Other,Property,144947.1,0,0,3623.08,22231.38,Medium
e516ce24-1e39-4712-b529-ce89ef47b898,54,Female,Auto,112277.86,0,1,1322.38,1354.06,Low
2daf6e22-7b87-4ce5-8c99-87fa7627fb3c,68,Female,Property,74955.92,5,0,1935.7,22463.41,Low
419b0956-1854-4003-94c2-5010761d93ae,61,Male,Health,58275.99,4,0,2369.81,14822.24,High
5a81bc97-cda7-4c70-b872-cbb155ebf180,41,Male,Property,25974.08,8,0,4586.07,46482.48,High
3312907f-7986-4e00-ada2-fb0086e32c15,76,Female,Life,74710.35,1,0,1591.6,6230.67,Medium
f607c009-a8c5-47df-8fc7-0ed6b1fc07e0,49,Other,Property,137569.3,7,0,910.89,32623.8,Medium
485c2a21-867f-4576-9d2b-becd784c6995,69,Other,Health,188894.87,4,1,1934.1,2635.99,Low
d2377ae0-3e94-4786-92fe-82e013771910,79,Other,Property,176816.81,1,0,971.04,22308.52,Medium
b3e48566-956d-40d2-be72-882adada5ec8,75,Other,Auto,157891.66,9,0,1078.68,27698.97,Low
80b0d407-a397-416b-91b0-fed5b5e3690a,69,Male,Property,161920.52,5,0,3082.33,14897.75,High
5fb42a00-53f4-4bb7-bd00-f09a9d076bbe,29,Female,Auto,139697.28,9,0,774.06,22753.78,Medium
a8ec06bd-abca-4f51-af46-185244833b32,56,Other,Life,66851.63,7,0,639.19,8177.69,High
8edde724-6879-4dd1-a4cc-1ed32b237b7b,19,Male,Auto,183295.11,3,1,3714.86,15206.19,Medium
8ee44feb-1f49-4591-85ae-d6cb203e912b,20,Other,Property,140731.82,1,1,2127.41,31055.32,Low
252b9bd0-a438-4cb7-b13c-607a6b15967b,73,Female,Health,120879.31,4,0,1064.19,15090.0,High
f55dffac-b7bc-4d1a-b726-b81976e3ce6b,76,Male,Auto,39978.1,1,1,1641.26,44987.15,High
1598b88e-a49d-4fe1-ad03-bbc0ff6964fe,19,Female,Life,100470.0,1,0,3389.39,31420.35,Medium
affd5a09-2c64-4d6f-a7b8-ff81278bb0b5,19,Female,Auto,102864.49,5,1,1739.91,21932.45,High
97d188dd-65d4-477e-847c-06f164f5514f,71,Male,Auto,175621.45,9,1,2725.35,1937.85,Low
f6b3e7ed-c71b-473e-8eac-726dba5ca9c7,18,Male,Auto,118396.68,8,0,1047.63,24977.42,High
831b82a9-65f5-4404-86bb-2fe9eaa1a127,36,Male,Life,88472.1,3,1,3146.42,38238.81,High
33bdb0bb-10b5-4e8e-a99e-36b77181f338,19,Male,Property,195824.06,5,1,1922.35,13277.88,Medium
eef4862d-1e2e-4d46-b50a-8f0c39c93e34,70,Male,Auto,39929.71,6,0,3321.36,40338.68,High
a1b72705-075d-4d2c-9d2b-3b106b851ad3,61,Male,Auto,96058.72,5,0,4137.78,12590.34,Medium
6a59dabf-9123-4934-a22f-67dd64a63a61,49,Male,Health,27564.44,7,1,3252.41,41187.32,Medium
b5604a7f-b704-47c1-b52b-2e0c7026dbf5,87,Other,Life,153182.74,3,1,1830.86,4263.42,High
9d1e7e4b-580e-4134-8fa6-5a88f52b6716,49,Female,Auto,185253.78,0,1,1650.85,43309.19,Low
84cc5a7b-dce6-4070-8610-17f5ac36924f,85,Male,Life,70406.72,6,0,1973.39,24959.32,Medium
bbd29a6d-20d6-4a91-b75c-729e628b2a68,72,Other,Auto,174501.5,2,1,1240.79,14826.88,High
a5b6e0b5-500d-4059-84a6-8f5db0fd1c8e,73,Other,Property,72599.28,5,1,1315.27,13255.66,Medium
f637283a-e456-4840-a151-c41d5f541f81,34,Other,Property,183938.63,1,1,4058.11,21600.53,Low
66be7ed1-72d5-4a89-a798-14e1c4942b52,55,Female,Auto,155713.14,8,0,2231.3,49952.47,Low
2aae9047-09bc-444d-9f37-8694a1d19cda,41,Male,Property,164883.22,0,0,2461.98,11016.37,Medium
495587cd-4b17-4dbd-b71b-9e6146372259,86,Other,Auto,23241.18,5,0,3173.22,5160.83,Low
7eec64f6-8e24-431f-a167-d9c3a7ac592c,87,Female,Property,193305.86,5,0,3153.44,29251.76,High
7da64aff-6667-4c49-aeb5-57091961dea6,28,Female,Health,150800.78,4,1,803.2,24427.12,High
0ba7c622-6cd6-406e-abe4-4e076f1dd90f,33,Female,Health,74855.2,4,0,4241.93,26209.81,Medium
64fec6e1-70ac-4896-9505-0c4ae1110c7b,76,Other,Health,169291.04,0,1,1297.97,33346.77,Low
0e131326-6ab3-42ed-96b4-3c7999a1bdf7,87,Male,Life,70673.82,9,1,3753.82,13357.2,High
6de60aa2-b06c-4cf6-89ce-c3d41a8befb5,20,Other,Life,177095.69,4,1,3977.02,45533.25,High
75d9ec3e-dff0-4700-b357-6a0c8bcba4a2,37,Other,Health,40264.47,1,1,3717.05,21783.6,High
9521827c-b1cd-44f9-bfc5-826764d600fd,76,Male,Life,146663.48,6,0,3105.4,6454.31,Medium
6c34cd55-294a-44f1-b16e-acf99a08a90c,53,Male,Property,117325.73,2,0,565.74,37114.94,Medium
5c95b62d-4977-4daa-acc1-b349674467e3,36,Male,Auto,37376.2,3,0,2121.69,32155.22,High
30ab076d-fe91-49de-ba55-c630f6e44683,84,Female,Auto,63540.89,2,0,3221.78,15787.17,High
a5e51592-c8f0-44aa-8f3f-59437a130c37,36,Male,Auto,22232.73,2,0,2243.53,31075.94,Low
2b27a4f8-543e-4f06-8098-5cc2178117e3,37,Other,Health,104378.23,3,1,4385.66,10993.1,Low
770e026d-548e-49de-84a7-b78cd76aedcf,88,Male,Life,74227.75,4,0,1889.61,22241.97,Low
d4990f08-a7d2-47c7-8f3c-58489e8d6244,69,Other,Property,127704.35,0,0,1820.91,44970.63,Medium
9f9bda2d-f857-4086-b517-95838fb5cf44,50,Female,Property,73502.81,3,0,1696.99,6676.71,High
fff8077f-cc8e-43d0-a52d-41c2d78a8f3a,57,Other,Health,73985.44,7,0,1997.51,19334.82,Medium
ac343a65-687c-414b-a8ab-bbe31458ecdc,56,Other,Property,153774.78,9,1,3008.32,41057.12,High
4eda3297-de0f-4aca-9665-64fa08438ce6,18,Male,Property,28665.71,6,1,3681.57,48474.54,Low
ed7f9add-3725-437e-b84f-31617d71d40e,28,Male,Property,182521.1,8,1,3481.56,22696.31,Low
e6d149a4-cfb1-4443-ba69-5d5dff19cc31,74,Other,Property,173407.5,4,1,4134.73,25349.98,Low
18c0b6ff-71d8-439b-bd46-07391176d909,67,Male,Life,140204.84,9,1,4486.61,28608.6,Low
a913aaf8-4217-406a-af69-a7600d91918f,40,Female,Property,126779.88,3,0,4172.36,46617.41,High
b2ba22d9-8e46-4ddd-a4a5-dd93d19a9169,48,Female,Auto,180614.45,7,1,585.25,42910.34,Low
25a68a7f-8567-42f2-9071-1d81ad7b1395,59,Male,Health,53359.43,8,1,3811.63,8530.06,High
a3125e0f-4b19-450b-b457-0b10d978ec8c,24,Female,Life,34214.45,6,1,1437.8,21837.89,High
1efa029c-7963-4f25-820f-49bfc70c53d5,33,Male,Property,63111.83,6,0,1098.18,23200.02,Medium
e9919fd3-6208-46c3-8200-a9fa9ea42c0e,77,Other,Life,163024.09,4,0,3373.2,39454.81,Low
0cda7b83-8a08-4c05-bc63-047396796693,19,Other,Property,26240.65,3,1,1938.84,30144.64,Low
2c949f8d-06cd-4a73-b2dc-9102b670f0b1,18,Female,Auto,124905.23,9,0,757.03,32711.02,Medium
c765ec5d-452c-4277-86bd-4fed6e764578,65,Male,Health,199178.75,0,0,1119.33,49910.0,High
9d277d73-acfb-488c-b328-f86ebc33f9fd,29,Male,Property,174025.3,9,1,504.18,3748.0,Low
54029554-4aac-423f-976d-93ce33973222,86,Female,Property,113860.22,9,0,4564.51,11150.49,High
869a8512-72cd-4d7e-b111-b1b0cd98e8b7,54,Other,Property,31455.36,6,0,610.78,20394.8,Medium
c7c5c80d-a6a5-4ff9-9d9b-c0733ec5a1ca,49,Female,Property,169647.23,0,0,1442.55,17389.12,High
cfa1b32d-71d7-4ae5-8be7-f19f8b3588c8,26,Other,Health,127816.13,0,1,2373.18,1082.28,Low
e28e1d98-695a-483a-8bc5-b57a0d54ab61,36,Male,Health,40687.94,4,1,2104.57,4588.88,High
4f23fbf8-18dc-4dc2-9fcd-8d8503f4892c,65,Other,Auto,36894.31,8,1,4602.77,34047.66,High
2f227ff6-e1b2-4db7-a623-01b19a42864d,20,Female,Health,183732.83,5,0,681.3,43966.22,Low
57fd2413-3bda-4657-b83e-140a4f6e9007,37,Male,Property,140456.05,2,1,2804.97,25711.35,Low
26a15c19-4c88-4c53-9a3e-af59e138788d,41,Female,Auto,169271.62,2,0,3562.16,26959.55,High
8e1d46ee-9398-462c-8772-2ecf58098d48,71,Female,Auto,178216.2,6,0,4692.64,12754.67,High
a9516a55-3021-41bd-acaf-7e0c3efa4872,50,Other,Auto,122919.02,5,0,3291.67,38393.82,Medium
f1718daa-49a5-4c24-89e5-0f1bfc18ac42,41,Female,Property,113140.34,8,1,4116.9,37589.73,Low
e8a0fd72-1561-4bb1-b455-2083104b1db7,89,Other,Life,97476.93,5,1,876.76,29418.28,High
702b5a8f-0fac-4548-8b42-d5809fe2319d,53,Male,Property,77050.39,4,1,2236.73,10633.21,Low
ac028228-800b-4841-b758-2c4f3cd58405,55,Other,Health,98227.27,9,1,2182.76,4850.91,Medium
5056c36c-1bd0-48b2-9300-44cdd8f836fa,42,Male,Health,159298.34,6,0,4488.3,3211.93,High
70d62d92-5f3c-448a-ab18-22ba9b485df8,35,Other,Property,128346.22,0,1,1181.17,29634.8,High
6a3fcef0-34ff-46d4-92e6-c06cb64a573f,83,Female,Property,180654.19,6,0,1183.49,41251.77,High
4ed168e4-5b5b-4353-a34c-f6b123bdbd6c,71,Other,Auto,99808.4,2,1,1978.51,42916.52,Low
e7be40a7-ad7d-4f28-9e33-08bc4c761dea,52,Other,Property,129276.12,8,1,745.1,23181.1,Medium
8a3da55d-1f88-46dd-b024-ec517140c750,78,Male,Auto,133635.36,5,1,1321.06,39213.56,Low
170d8c61-b3ce-48d9-9e95-6fb2af97e431,58,Female,Health,126505.49,8,0,4843.44,47344.01,High
644cf217-01fd-4a2c-8c1b-cb31a1781ee9,50,Other,Auto,146474.08,4,0,2426.83,13758.51,Medium
77aa945f-0367-46bc-bd6d-31271c1851b8,85,Female,Property,62738.02,6,0,3344.09,19898.02,High
e18c542d-9c26-484c-9cf4-9328d3d0fbb1,50,Other,Health,112225.48,3,0,3767.5,46573.95,High
d094083b-f86e-4db5-9bea-d9ec6b423ce8,31,Other,Life,38760.46,6,0,2151.33,16911.55,Low
92edf8a4-aca6-4554-9a75-c4559859e6a4,38,Female,Auto,89212.04,0,1,1162.52,45693.81,High
63674d4f-d6f7-4099-b786-577e75fe30a8,65,Other,Health,107780.07,6,0,1429.61,49052.24,Medium
a8dda4d0-7afd-47bb-92c5-bfbf42febc5d,37,Female,Auto,137400.37,7,0,1909.7,33090.54,High
fb4d1675-3d90-463c-bb87-f011f7c03613,25,Other,Health,191095.59,4,0,3362.31,40844.51,High
2176d636-fa2e-4e39-bec0-bece164d33be,24,Male,Health,128117.19,1,0,2292.26,37477.28,Low
0f3b397e-3e38-44bc-98e0-71a42898a67e,84,Female,Auto,153846.9,4,1,530.67,34976.71,Medium
dce3c2e7-e42c-4033-9874-74061d089cc1,34,Other,Life,111127.89,5,0,2855.33,15346.55,Low
fc264180-7187-4a69-afbd-b22a19c390f6,50,Other,Health,134138.73,1,1,4646.81,2854.72,High
f7a81710-1b45-4158-a97a-1284b0b8e24f,65,Male,Health,32767.8,5,1,4154.35,17152.59,Low
476af232-66ab-4370-9e20-66e4e3a909a8,76,Female,Health,65790.48,5,1,4213.45,33346.8,Low
831f1203-6b08-480d-ab94-83323c4c3fa9,39,Other,Life,85133.56,0,0,4077.76,5126.46,Low
f61ccc09-d9f2-418d-851c-62b054c6b9c9,47,Male,Life,105048.8,0,1,1956.79,595.9,Low
0c9b9ae0-19fb-4cba-a4b7-6d6fc678c31c,55,Other,Property,28216.77,9,0,3943.37,6984.62,High
23d51d2f-f258-419b-91b4-b03590d9fe54,68,Female,Auto,45204.34,2,0,1144.23,35786.8,High
a3783836-342a-4486-85ec-23b7eb2c157d,71,Other,Life,69826.58,9,0,3459.72,48639.69,Medium
d07248b4-4f0b-403e-808e-2822e4d5cd94,25,Other,Auto,194875.88,9,0,3387.06,49153.23,Low
7d4e0983-268f-48af-aff7-c61377808c1a,44,Other,Property,79642.46,2,0,615.06,24698.96,Low
a8639cc6-bd02-4c0b-a316-b31065fd57e5,44,Other,Auto,106767.39,3,1,4045.87,43467.62,Medium
a996fa8c-6f2e-483a-868e-fcc8cfd1d201,38,Male,Life,55297.59,1,1,4564.62,36841.32,Low
96a15690-1968-48ea-84be-98c59fc41ea6,47,Male,Auto,129940.41,8,0,1703.37,25052.01,Medium
08d11498-ee57-4045-8550-2440bb18760d,45,Female,Life,70522.98,9,1,4155.76,28638.03,High
e2d841be-a4ca-468b-a37d-348317f0b469,81,Male,Auto,57258.66,6,0,870.83,6861.36,Medium
7ff10680-d1e2-4fad-9dbb-afe1d9668ad8,86,Male,Life,112983.07,6,1,3199.86,46883.07,Low
138acaaf-b4d2-4847-88d0-212f0f703fbc,78,Female,Life,20991.04,5,1,2685.41,17596.49,Medium
76fb936c-a758-4f85-a799-f5f73a634a56,65,Male,Auto,21379.53,2,1,2956.66,22307.46,High
47cbd1ad-6ebc-4439-ba40-712e69661663,36,Male,Property,59432.39,5,1,4667.92,33583.01,Low
13fcf44e-c7c9-4ce0-abf3-9b0259e6a33f,21,Female,Health,26609.85,7,1,4420.92,16695.12,High
e601c9c4-5ccf-439a-945b-94e2aa0f7625,52,Female,Property,39444.64,7,0,4032.88,12712.96,High
46808bdd-5ca1-4c94-9352-1073473d1957,81,Female,Auto,80994.92,8,0,1731.64,31552.47,Medium
e33b8275-a0f4-477d-95c2-4a1f9b6ee4e9,66,Other,Property,164465.42,0,1,4603.18,1249.2,High
1ca483aa-b4a3-4f3b-a8e5-a108461811f3,34,Other,Life,122968.76,0,0,938.78,36036.26,Low
0171a5c2-6f07-4d8a-8227-acdb84e1bbb9,61,Female,Health,112280.19,2,1,4339.98,25701.17,High
fccba949-eece-4047-acf5-0971009de048,47,Female,Auto,72827.99,2,0,1976.72,30287.69,High
1032752c-67e8-4a0e-ac4d-da516b9a4dda,63,Female,Auto,187715.67,9,1,741.98,31594.01,Medium
3409e00e-115f-47d9-9ba2-7f477077d0c2,23,Other,Auto,91462.71,7,1,3512.11,26352.51,High
0f7b00db-5a3f-4b67-a47f-7984cea44502,54,Other,Health,35676.7,9,1,1540.76,29126.69,Medium
2a2ac233-45d9-4b9f-810d-218c9f7a875e,41,Male,Life,131071.97,0,0,1596.07,34189.41,Medium
25e08767-3995-4866-9ddf-41621d1f6406,63,Male,Auto,40490.91,1,0,1877.21,37655.94,Low
0de2e5d0-2406-4d65-ad96-a0fdb8342d29,70,Female,Property,82140.17,1,1,786.58,36372.62,Low
196acbd8-28a7-49d1-bd02-dd0642dc8866,77,Other,Auto,111334.15,2,1,1297.07,43480.82,Low
48199ff2-4b76-457c-8a3d-88769cd21a6e,80,Other,Auto,177360.05,5,0,523.13,9472.17,Low
10f39573-3b7b-4238-8bad-e0bcd851a7fe,49,Other,Auto,108838.38,0,0,2504.34,20057.4,Medium
7361b89f-84a8-4e8d-bde0-5e490288db8f,50,Female,Auto,146406.58,1,0,879.15,47389.8,High
d53325db-3abc-4b57-9b6c-50b287f0c3d3,84,Male,Life,198707.03,0,0,3571.94,19829.53,Low
c28adeb4-166a-421b-9eaf-46ffefde08d3,35,Female,Property,43668.04,4,0,1560.3,6243.5,Low
cef5006e-9b8f-467b-8af9-e9032e12fd83,42,Male,Life,69451.67,6,1,4746.08,26272.26,Low
82fbaf37-4ce4-44e2-ab45-57768a6859f4,71,Male,Property,91023.69,7,0,4420.63,5474.55,High
65230544-3fb3-4cb0-8085-a8bb098a0e6b,75,Female,Auto,95929.07,9,1,1802.48,10142.66,Low
c7fc1538-b60e-4a6f-b3cc-10550e264aab,84,Male,Health,93983.79,0,1,4024.47,49915.94,High
af67b111-3b16-48ad-9352-ef1b8874ec4d,63,Male,Life,183369.98,6,0,4114.6,27068.13,Medium
8bc0a0e6-cefe-4501-95a0-5bd8818ace8a,41,Other,Health,148525.88,4,0,4939.53,14202.92,Medium
b12f3e96-68a4-47f7-9736-b207da88d9d6,49,Male,Life,129422.94,9,1,3190.28,49738.75,Medium
47ea6fc7-4288-4679-9853-57795f1727e8,64,Female,Auto,75687.09,0,0,868.85,48327.95,High
3f155543-c7e9-4935-be9f-ebd92e93872a,40,Female,Life,168282.27,2,1,3410.77,22036.95,Low
ec6c4f4c-d07c-4f15-82b0-e44e0065504d,83,Male,Auto,191910.89,6,0,3312.41,13020.16,Low
e5cda150-03d4-4dae-8ed3-44d4b9a5d50e,44,Other,Life,167815.69,9,0,3372.58,41919.98,Low
0f4d2d23-376b-4a57-97d9-9fc7b5a12f9f,19,Other,Auto,20281.72,0,0,1882.16,35781.04,Low
55b8acdd-7b95-41da-8804-a093130ddd58,34,Male,Auto,134552.25,6,1,4368.56,34347.07,Low
9c8cd214-6c94-4cc1-a1d7-7917d1001450,50,Male,Property,29204.37,4,0,4817.62,44655.69,High
967b2bb2-43a9-4dbe-825d-b08a458a75f3,26,Female,Auto,66369.3,0,1,1479.71,34470.86,Medium
bc83d4a8-afb1-48ef-9b23-29d2a569644d,60,Male,Property,30714.45,0,0,896.68,14189.9,Low
0fe4e5c0-83bd-4cdb-86df-50e63a1a0880,65,Other,Auto,128683.18,0,1,1375.41,34693.16,Medium
f88e7af4-a1b8-47c6-83c8-4099f44aad3d,56,Male,Health,143586.18,8,0,4192.48,15290.68,High
52d833d4-083a-4622-9246-66529b63d171,59,Female,Auto,40607.77,2,1,3544.9,37961.95,High
c63601f6-0592-4954-8501-d74f5f790f3a,43,Female,Health,89091.0,4,1,3362.21,30987.39,Low
d99de871-2d60-460f-b517-22ce84b40bd0,67,Female,Health,102122.57,9,1,2308.07,3870.58,High
0175fe1a-78be-4816-817b-f146a84ee4a6,42,Female,Auto,86429.54,8,1,3100.23,25641.77,Medium
751c7e29-a320-42d7-bc7d-e61cd4a36a20,41,Female,Health,41784.5,5,1,1885.43,17165.05,Low
77e9bf77-87c4-47ab-802e-3ac3ca75315e,30,Male,Property,95410.6,8,1,2647.4,16428.53,Low
d19eb446-9c12-4006-8845-52ebab10749c,77,Male,Life,155212.05,7,0,4068.78,30112.82,Medium
cd3cc35f-dbb4-42ac-9948-ac22f67dc98d,24,Male,Auto,32781.38,7,1,4915.59,16116.24,Low
0f67dec7-d1e8-4ae4-a332-1591506e5038,74,Male,Health,34432.4,0,1,4696.2,38844.69,Low
9b3adcc4-a2cf-4514-871a-8df755620b02,53,Female,Auto,83858.83,8,1,4702.4,3539.57,Medium
181e266b-5ee9-46f6-9caf-2b605ba64f52,62,Other,Property,189510.63,5,0,2310.01,33019.41,Low
dcc19205-cc05-4720-a19a-1c08d5d095cc,37,Male,Auto,140343.08,8,0,2609.55,40459.74,Low
e0a1f566-0d04-4122-baa4-5a004c5a4235,82,Other,Auto,142160.59,2,0,3675.36,33641.58,Medium
733394dc-7a04-4e79-b482-44feb5e8c760,25,Male,Health,85145.6,2,1,4649.86,24861.46,High
b72d7781-4dfd-477a-b9a3-2c593898c5ab,33,Male,Property,126858.94,5,0,1138.97,47515.35,Medium
605cccf6-9906-47cd-8fd2-9ad121e43f7f,31,Other,Life,21823.61,8,0,1869.09,14996.92,Low
53dfcc05-a194-49ed-8b09-ac2def2b50e4,32,Female,Life,134497.29,6,1,1126.61,958.39,Medium
8e51ce31-ab54-426c-936a-8603945e0305,83,Male,Health,184391.65,2,1,3254.04,21599.47,Low
1342b053-1468-4eb3-9cb8-528f99b37dc3,49,Male,Auto,130263.22,2,0,1878.35,1650.6,Low
c773467b-c886-49e3-af83-66fafe070248,80,Male,Health,177265.75,1,1,1967.49,47696.84,Medium
138b010a-370f-4012-9f7f-18f8f7533000,68,Other,Health,150315.15,8,1,819.12,10495.9,Low
775c63aa-dce2-4ac2-bf84-acfd94dd2220,42,Female,Health,41700.51,2,1,2074.08,39446.35,High
e954a48d-67ee-4de5-be2e-94eff32b2a05,75,Other,Auto,182441.6,4,1,4381.23,38728.6,Low
f296b049-42c8-4588-84d7-a71a40ae0fe3,80,Other,Property,31959.89,8,0,1548.83,10886.44,Medium
5232cfa9-9962-4826-b44b-f5bc5e21d35d,79,Female,Health,116114.15,7,1,3628.34,31061.33,High
2a9c217f-b17d-4195-a1be-80d37f78bcee,39,Other,Auto,45584.68,1,0,3333.33,2403.95,High
f50f0718-8c3a-4f26-8bd9-294bd4a9c745,75,Female,Property,22107.19,2,0,4385.68,24178.73,Low
3a111b33-95b1-4c83-86b5-294b171c8075,75,Male,Health,95966.17,1,0,1095.3,732.36,Medium
54861f26-537d-4477-8b9c-c28d0221b316,66,Female,Life,73107.33,7,0,4899.15,46057.19,Low
70b7fdfc-2589-4122-91f5-01c78644c3a7,69,Male,Property,107480.09,5,1,3121.83,48804.3,Low
6cba6945-d377-4c88-b1a3-802cdb66a065,59,Other,Health,123895.98,5,1,4979.63,11114.14,Medium
102137d7-2d16-4241-b623-d66119c24b48,87,Other,Property,27873.03,8,1,4601.82,10405.3,Medium
5b657ddf-4860-4a8f-a5ce-6e409701e11b,32,Male,Property,42140.59,7,0,1496.83,37686.01,Low
f4eb39c3-97a6-4c1d-af31-dba500b29bcf,71,Other,Property,120555.63,3,0,752.73,12668.97,High
cef68bf4-8ca7-4011-a9d4-7321817932b4,77,Female,Property,81770.12,3,0,1650.38,44753.83,Low
2ae0d523-f019-44e6-81bb-1c0a05da576c,25,Male,Property,151251.23,8,1,2874.04,28696.46,High
c4e9d738-16c8-4bf7-9a27-77c64491ef47,70,Other,Property,137412.5,0,0,1272.18,17538.88,Low
2a945b17-1c38-453c-8996-93b9d6f37c2a,77,Male,Health,172208.79,1,1,1253.57,41634.69,Medium
6c12b045-f5a5-4c59-b231-4c13db7fabce,22,Female,Life,144648.71,1,1,2581.67,24670.34,High
7acaf497-639b-4ead-af6c-0f23bd9c8d30,85,Female,Auto,97387.59,5,1,649.71,45581.65,Medium
2e5405fd-e27b-4e73-b874-3db906e48844,23,Other,Property,141133.99,3,1,1048.5,46400.71,Medium
6d60fbd7-8468-40fb-8b66-b4fb310dc6bc,64,Female,Auto,69568.61,9,0,2371.38,8271.01,Medium
7723f5df-e141-420d-9925-582930ee769f,72,Male,Health,75136.43,2,1,784.08,116.17,Medium
f87ee36e-4149-45b6-ac59-9aef4235a393,57,Female,Property,162017.33,2,0,2285.4,49196.55,Medium
0aac9cc2-8da2-41fa-9cba-83abaf61405d,69,Male,Life,100355.51,2,1,2633.03,45306.88,Low
30f2b988-86a1-4716-96a8-77c91c0f4ddb,33,Male,Auto,163708.46,5,0,2530.7,2772.26,High
5994e663-d072-4c94-ba95-86b5526fe9b0,30,Female,Property,168036.03,7,0,4411.29,41651.71,Low
56e0d9ef-e638-4850-ae64-76129ff0fcf0,47,Other,Health,174361.22,6,1,2885.28,22890.25,Low
5f9a17b2-e018-4a06-851b-7c3b336a122a,36,Female,Life,184994.34,3,1,2605.91,12948.08,Low
07fe2855-ff5d-462a-bf54-1c1e97a9dbc0,34,Male,Auto,97577.34,3,1,2348.19,43937.33,Medium
2a56ba62-1ecd-422f-87a6-9ded3d8970b0,80,Male,Auto,77396.03,9,0,4179.31,9833.36,Low
17f1f4c0-e36e-4d68-841e-6a818937e992,36,Female,Property,124795.77,1,1,4527.75,47365.0,High
36e3469b-a29e-4d24-acad-bc65480adbc4,75,Other,Life,86811.04,0,1,4339.59,10281.07,Low
b0a7d017-cd8e-459f-9d04-84f1882f4267,72,Other,Life,128193.35,8,0,3530.96,30684.16,Medium
65c3bb4d-61e4-43b0-8acb-6e6311cae051,79,Male,Life,147005.46,1,1,1118.13,11154.32,High
504ebf96-4e0f-4cfb-950c-0b60510d5878,40,Male,Life,143912.9,7,0,1745.91,27283.43,High
80eb0626-c930-4a75-a767-f0c7cae17ee7,26,Other,Health,87419.52,8,1,707.28,34198.76,High
66d2e75e-ad53-4421-a9e0-efe35333719b,29,Female,Life,50034.84,3,0,4688.71,9511.4,High
52e3b2e0-d0bc-4eaf-9f1a-e9d08988cff9,18,Male,Auto,97495.28,7,0,3473.59,26044.29,Low
652b5b5f-aca3-4135-a1bc-01645d08d147,75,Male,Auto,45666.95,8,1,3858.63,23452.99,Medium
ee78501d-9304-4123-ae3b-5f116cc97068,18,Other,Health,180217.47,9,0,1902.07,3551.87,High
4dd389ed-343e-4139-be34-686c5272d948,51,Female,Auto,82257.94,9,1,4305.44,40915.39,High
c32dae55-7b64-434f-b1f2-2d46dfdfe04b,65,Other,Auto,47802.75,4,1,1668.21,16784.12,Medium
b7f10b71-8e44-42aa-aefa-c776b0397cc8,18,Female,Life,24580.6,6,0,507.4,28729.11,Low
7fee6dea-b1f1-4b71-9e67-3b710e299260,33,Female,Auto,136248.03,9,1,2193.87,25739.21,High
05efe819-6449-4e87-874b-abd20ca15c9d,78,Female,Health,134642.42,3,0,3068.43,25663.03,Low
ae1129d5-b8e0-40e6-8276-f0632e1011ae,81,Male,Life,81308.75,0,0,2654.17,5361.12,Low
229544fc-7cb2-4a6a-9215-4dca0024e208,80,Other,Property,32908.14,2,0,4379.34,21174.1,Low
bcd940a1-3b8e-41c5-a3d5-303bc20da717,86,Other,Life,93733.2,4,0,974.32,22618.34,Low
fc412148-0ed3-4a4d-8f6a-de915c53083e,39,Female,Health,76019.15,2,0,2992.21,36682.14,High
a21dba10-0ce2-4a0a-936b-8b6ac41f35a3,84,Male,Life,141881.72,6,0,2808.41,42000.94,High
8e10042a-d621-44d6-8476-b067ce9647d8,43,Male,Life,129040.26,8,0,1766.27,27249.11,Low
df10cc8d-e0ec-418b-bd67-4e6f165b5408,33,Other,Health,85626.87,5,0,4200.03,4339.15,Low
5f740521-1b93-4989-a8a9-558fd4861392,68,Male,Life,59220.66,9,1,3887.82,11842.47,Medium
e75752db-c79e-4db4-b11b-c0ef07eebf60,74,Male,Health,197846.47,0,1,3797.87,8246.7,Medium
00fe759a-2626-4b92-8922-3219a1785c94,46,Female,Health,101720.29,6,0,4442.87,6230.75,Medium
d7876ad3-0eea-4ba0-aaad-7dc5217bc344,86,Male,Property,143889.36,2,1,3752.53,18294.96,High
42f00f09-432b-4562-b89f-7d25ea760ba0,64,Female,Auto,45299.53,4,1,1543.29,11469.68,Medium
98a5f574-a9b9-4168-a333-7b50e33c5de2,79,Other,Auto,107406.15,9,1,3675.03,10915.16,High
57c6384b-2278-416b-b544-5e7b34e4805f,86,Male,Life,24956.61,3,1,1884.66,2734.66,High
346d4056-0832-4ce2-9456-1bbed755491b,33,Other,Life,110981.92,9,1,1589.79,883.5,High
d935a41f-5006-46f9-9095-76bafc54667e,65,Other,Property,193523.13,4,1,828.52,5138.41,High
735f9bad-681b-4622-b9e6-0510a5a86dd9,56,Male,Property,89157.21,4,0,3848.13,8609.87,Medium
92829504-5a12-4885-b422-6c8b4cc5ccfb,50,Male,Property,27019.28,5,1,3699.5,21549.19,Low
2ebf2230-ed7c-4c5e-b834-22d7e6c4a334,40,Other,Health,25572.04,9,1,1555.25,25526.01,Low
2890f2a9-92f0-4713-b8fe-905c1c40a0cb,27,Male,Property,89837.62,9,1,3872.21,7029.6,Low
84fc9a03-886d-4a27-be52-402f09fd1914,86,Female,Property,48804.49,5,1,4630.28,21239.17,Medium
2086d7f3-ea6f-4ad0-9149-1411958df50b,51,Female,Life,24203.38,7,0,986.13,17087.44,Low
75471a58-abfd-4571-8296-f67d4126526b,69,Male,Property,156118.45,7,0,1546.86,9171.18,Medium
f54c7526-8770-4e58-a857-de223c2ca1e3,27,Other,Health,102534.14,8,0,3876.17,342.04,Medium
bb2dff8a-c62e-49a1-9fbc-5c69a4884b75,36,Male,Health,72064.06,7,0,1735.28,23350.89,Medium
13609897-17f4-4f5a-b837-73d73e9309ba,75,Male,Life,182014.97,1,1,3310.99,34282.59,Low
1ef93504-f572-4c01-aaff-1208abb12c83,18,Other,Property,40905.01,9,0,865.24,11313.87,Low
0ce30985-f467-459d-812c-6470e11d806c,86,Other,Property,192065.39,0,0,2534.91,6590.34,Low
844507b8-6ac2-4449-bc75-9bf44b3d66d5,21,Female,Health,76514.01,9,0,3825.91,44352.14,High
2d16f423-343f-48fd-a6c8-ed004038dc96,33,Other,Property,179912.66,1,0,3589.31,13751.24,Medium
d7d30e5f-b188-4edd-b5d2-deda7029eb8a,41,Female,Property,128529.72,1,1,4167.82,11180.63,High
1ff05a66-c992-4eb0-b80f-f97ecceec8e9,19,Other,Property,168807.32,2,0,4448.53,42854.85,Medium
f1bf9e83-734b-4d05-98bd-e39e323bf462,49,Male,Auto,197122.37,9,1,3979.33,40855.35,Low
880d7bde-1210-46f5-8ece-243b555b56fb,41,Female,Life,71912.98,6,0,3522.14,22417.32,Medium
6e172f70-3748-4aee-a53a-0faed71bf4d4,29,Female,Auto,193004.39,1,1,642.75,24461.94,Medium
8d93a19d-e706-4e55-9297-50fa3c667638,67,Female,Life,90106.74,0,1,2907.35,10887.44,High
043dc8f9-66cf-45f3-bf12-50974ca100fd,52,Male,Health,89392.14,5,0,669.64,3915.08,Medium
4a92769d-333d-41e2-a48f-f90c858f6511,50,Male,Property,81269.68,8,0,4136.31,28671.59,Low
881e6536-bb30-4e95-8cca-581da99723d5,50,Male,Life,117453.37,2,0,1943.26,4917.25,Medium
90b72fb6-6004-4536-97c1-7edb8698ce7a,78,Male,Auto,47746.11,5,0,3030.93,22463.73,Medium
b6602811-7e60-485f-94c5-2643d5a2608f,68,Male,Property,119668.07,2,1,1757.5,47024.86,Medium
98d2cab2-b4da-4db5-b063-2442a1619c3a,60,Female,Health,117506.87,0,1,4021.25,47641.72,High
36012572-99fd-445e-8fe1-f7fc0acb7d74,29,Male,Life,157142.33,4,0,4489.26,11966.61,Medium
d52003a0-43f0-44b7-8168-0c5f720ad1f2,84,Female,Life,170056.99,9,0,2293.89,31205.67,Medium
f8a0a2f8-6143-4a81-8c40-e1c0c69f5ff4,82,Male,Life,99279.44,3,1,4383.15,23703.81,High
d027c410-bd98-4d6f-b5e7-7b08546e57bf,50,Other,Property,74419.98,6,0,1701.84,43784.26,High
e5809cd3-a00a-461b-b51a-742f8a8100f6,57,Female,Auto,66680.28,5,1,2905.97,13571.54,High
ca599f02-c5ba-4524-ae12-b71c0f555008,60,Other,Auto,55032.29,9,0,4364.43,185.12,High
efb18877-bfa4-4d87-99b0-22850d5955e3,61,Female,Life,30376.56,6,1,1966.47,8128.06,Low
0fbac3db-531c-4321-99c2-245a9f93c13c,46,Other,Health,81640.64,4,1,4793.19,17476.14,Low
2c11f3b9-764d-49e0-9a2e-e2ef70887864,30,Male,Health,68644.58,3,1,1048.46,15786.06,Medium
370fca8a-a244-45b2-98dc-943c8cd195e3,29,Male,Auto,193955.13,6,1,582.24,39568.15,Low
ba5a2740-a7d3-4682-bd37-f930efeceb0c,63,Male,Health,120387.59,6,1,4568.61,34028.03,Medium
a7d5fee0-e958-4599-b5d6-c2ea0fd6b7b0,19,Female,Auto,82509.87,5,0,808.92,14977.82,Low
b8891f84-d2c0-4b1f-802c-966de24a79a0,52,Other,Life,124484.17,7,1,4963.5,22887.19,High
f875d978-1691-47cb-a5b6-eebe25b0c35e,25,Male,Auto,45055.41,3,0,4781.29,4777.96,High
bd9edd7e-9223-493e-9c21-c73d5dfe3641,43,Other,Auto,99927.87,9,1,1116.59,44907.32,Low
455e3e56-3103-4c90-98fa-c060bea5bbc6,51,Other,Life,132722.18,4,1,2919.13,46771.24,Low
acb5a007-4d78-4848-a346-633bc57757f2,24,Male,Health,108001.61,3,0,1332.14,48990.18,Medium
5c0b6eb6-df48-4fb8-8cf9-d1ab79316bed,85,Male,Auto,92320.18,0,0,2426.7,43427.64,Medium
67f3eef7-08c0-4cf8-993a-ab4d8aa3928b,75,Other,Auto,198892.71,7,0,776.41,8698.04,Medium
e5bc7e87-78bd-4e77-ba8c-d7d622d63f5b,46,Male,Life,178456.66,0,0,1507.66,2309.82,High
537e3501-7f34-48a1-868c-0e09f222d436,53,Male,Health,132213.07,4,1,2134.73,28979.84,High
931e16dd-7204-4a9d-983a-6a8ac388b0f3,38,Male,Auto,122487.93,5,0,2473.91,45630.25,High
fcf5c934-e164-4d23-b0b6-d5c823cbe11d,53,Female,Life,131718.89,5,1,4898.73,8867.57,High
4e183f64-fa26-4ed3-8e04-34e07e4ecaf6,27,Other,Auto,56236.18,4,0,4135.4,352.15,Medium
1fdc86c0-8516-47e8-a86e-10b5815258a6,41,Other,Property,91124.79,2,0,3818.34,40274.8,High
ab0eab8b-c894-46ed-b46e-e3d8ac227813,81,Female,Life,27102.72,4,1,2916.69,3839.78,High
905345ef-3570-4b8e-a3d2-9fe65eb3550c,66,Other,Health,105598.29,7,1,4279.99,20685.3,High
7c7dcaae-316c-4ce5-a431-1950b1cf2337,53,Male,Health,117744.43,1,0,2026.95,33944.37,High
e1a4c17c-29b2-4a5d-b78d-2fa3b6f24de2,41,Other,Health,60994.95,5,1,3690.05,11839.88,Low
0b2bd42b-f240-461f-9f30-afebae94d0a4,40,Male,Health,193525.19,8,1,4972.03,4198.13,Medium
c6c71135-e5bc-435d-a1d2-338905f6d37c,79,Female,Auto,183701.83,7,1,1915.83,38501.06,Medium
4a92eb2a-d4a8-45d4-8ca2-d5689437d977,54,Male,Auto,149985.78,7,1,3533.08,31508.75,High
2d9a28bb-d80f-4de8-a666-033649368b03,29,Other,Health,116009.59,7,1,4299.42,49424.52,Low
d644e162-74b7-4258-ac45-83af3f3ed98f,72,Other,Health,176594.45,6,1,4621.13,17215.4,Medium
49ba4671-ca26-4229-83db-a06d4d8c8927,30,Other,Health,43517.42,7,1,3730.7,3088.12,Medium
f56912c1-6dee-4185-b3ff-621cf3a4600a,40,Female,Auto,162291.76,5,1,1776.24,36717.5,High
5ca33115-26bc-4a53-bf72-34f8749deb48,47,Female,Health,42467.75,1,0,1968.27,26086.67,High
7fbe56c0-e0a2-4836-97f5-edde09362d63,34,Other,Health,162957.92,1,1,593.41,10660.2,Medium
93382efa-a8a5-4e9f-bef7-d59ecfe52071,79,Male,Property,69638.16,7,0,3923.99,39086.45,Medium
d222b6e5-8e56-4d3f-9372-e1f3083bee30,30,Female,Property,177876.3,0,1,692.33,10187.77,Low
2d049195-c963-4f8f-9bf7-9b7e6f5948f5,76,Other,Health,189927.58,5,1,4390.94,13033.08,Medium
b152e93b-e1f6-44f6-b3f1-0a6e8ab23e0a,36,Other,Life,46783.27,5,1,1033.97,4626.43,Medium
2db96b7c-e1ee-4796-aaf2-006724edfd80,66,Female,Health,103281.61,3,1,1273.44,19971.61,High
6a41e000-49f9-46c5-8f1e-7a85bfd9be67,29,Female,Property,196577.73,9,0,2644.37,20946.46,Medium
b945cfd3-32a8-4dda-8c7b-680f9fdb060a,78,Female,Life,107013.34,2,0,3820.46,25728.09,High
d72acc9b-2318-4ea9-b09f-8a90ac1adeec,36,Male,Life,175438.55,2,1,1125.51,35448.21,Medium
1be79fc2-142e-47cd-a6e4-933e58ec3dae,26,Male,Health,125971.67,0,0,2480.32,45305.05,Medium
1be52389-040d-4444-9d8d-41605419c842,88,Other,Property,87559.38,2,1,2672.83,6886.7,Medium
0903a369-6fb6-4c48-9d8c-b604a08aeb42,45,Female,Property,71441.04,3,1,1455.29,2717.4,Low
518cb035-b547-4810-82b0-bac1824439ff,69,Male,Life,56580.16,4,0,1020.01,926.56,High
8a195b49-09b5-4f56-ba76-172bc76977c9,33,Female,Health,157123.67,2,0,4263.89,7181.07,Low
23db7649-b87b-4c42-b8ab-107f808c2eb5,86,Other,Auto,89577.29,5,1,2761.1,32897.47,Medium
db5a3b0e-c04d-4c1d-b4c2-d0d208449b36,29,Male,Auto,112029.58,4,1,564.72,36373.85,Low
71991ddf-427c-42e1-8419-f3bbb76f5390,42,Male,Property,108618.59,2,0,4113.42,39325.29,High
1f7f79f8-835f-4655-8ac5-ec874187ffb7,69,Male,Auto,123910.23,5,1,4913.57,12185.41,Medium
889e9c94-8bc2-4b71-a035-08e3c34f7a99,70,Other,Property,175803.89,5,0,3226.67,15294.74,Low
3cb46b46-fe96-482c-a2ee-2fbe276d526f,40,Female,Property,196533.08,7,1,2766.69,24156.73,Low
86b8598a-ddf1-4742-b461-f02a6dd2ad28,33,Male,Property,93365.16,1,1,4452.87,3159.15,High
e16b2a55-dda6-48b7-af3a-136a40e5aad9,74,Other,Auto,168953.41,0,0,4786.33,30557.08,Low
948327d5-aef5-48b7-b6ce-607b3944c736,56,Female,Property,157615.0,3,0,3895.42,49186.75,High
d80b65d9-629b-4ad1-80d5-36840a8d4ec6,70,Other,Life,123235.21,6,0,2504.54,18040.32,Medium
0b95a0f7-6520-49ba-abb3-bdc00db42b6b,59,Female,Health,192088.49,9,1,3165.0,37642.37,Medium
dc7deee0-b202-49f8-be55-109d22c8d43b,75,Other,Health,56085.41,2,1,3654.21,25001.7,Low
aa4ae514-be18-4b64-a919-1ca7d57dd12d,56,Female,Property,39667.56,2,1,1374.23,6390.59,Medium
ddfc91f9-800c-4586-8371-eab7989a27f2,31,Male,Health,173713.15,4,1,2512.4,29111.87,Medium
5e649010-d02a-4325-baf1-42d324884d23,22,Female,Auto,99046.97,4,0,4234.2,14993.71,Low
d9dafd6c-0ef9-4b3f-984a-06a570b0dcb7,52,Other,Auto,172454.39,9,1,3446.26,1720.16,Medium
a557bbb3-5f85-496d-b34a-76c58cbfca16,35,Other,Health,180756.24,2,1,2350.42,31746.49,Low
dd799027-ed37-43e5-b8ee-1615fe2dd30e,26,Female,Auto,31242.37,8,1,3485.13,42946.62,High
01cc50e6-fcb7-49bc-bae8-1e2113cb8e1a,75,Male,Health,179023.66,3,0,1032.0,17238.49,High
00135ede-fb5e-4797-8f1c-a36e009d2e0f,34,Male,Health,100697.43,2,1,2306.74,19514.78,High
1fa864af-9f4e-4abc-ac8c-55c12eb3194e,24,Female,Health,111877.85,1,1,4069.08,44551.08,Low
fe7891e0-99e4-4daa-a55d-33386a8bfc62,63,Female,Property,132786.65,9,0,1492.29,40680.44,Low
3e936fbb-48c5-48f7-983b-ee3402060a35,30,Other,Health,186748.87,8,1,1336.83,35747.64,Medium
08ee4908-a15a-480f-b778-3ee9093a0045,57,Male,Property,23440.9,3,1,4778.68,12439.85,Medium
a00476e9-8c9e-4337-92dc-0201481302f4,59,Female,Health,105831.82,2,0,1444.54,45510.83,Medium
42ea51d6-cb24-41e2-911b-2c4aa332990c,26,Male,Health,143789.97,6,1,1674.13,7720.79,Medium
eca6dd66-88b9-4758-9845-f0148c0acaf5,67,Female,Health,150087.25,7,1,4863.27,31338.53,Medium
0bbc819c-8814-44a3-ad8f-415cffd7611a,44,Female,Auto,144655.84,1,1,3806.19,1440.06,Low
7e9a3c6e-4588-4b44-b9eb-0bcbfdaa9672,83,Male,Property,44198.32,6,0,3648.18,32185.99,Low
c25e881d-4ff9-4b1f-9d51-7685512f7473,22,Female,Property,73891.21,4,1,4338.17,13857.22,High
a7e6cb17-9092-4e66-bc52-984372410b03,46,Female,Health,84568.79,4,1,1021.2,22483.85,High
a5159121-6158-4033-a24b-31c6c09ba74f,54,Other,Health,164798.7,2,0,3676.8,17263.23,High
02e5c80c-b17d-46a9-9446-1fb3f813d36d,55,Female,Auto,70176.78,4,0,2766.6,8637.84,High
d4f34160-6eee-48c2-918c-cff66174042f,25,Female,Auto,57926.89,1,1,4231.18,31099.04,Low
8f0aa742-e915-4240-b9d2-c3dc134cf634,82,Female,Auto,192340.64,3,1,2786.64,44098.78,Low
64d27a97-d890-4525-a196-1e72275d1c7f,34,Other,Property,21595.39,5,1,3291.09,47954.21,Low
fa42db54-8c96-4aba-b126-f0d7d2581917,88,Male,Property,199607.75,0,1,2649.84,9617.32,Medium
2478bda6-02ba-4614-92ab-5b2bdba99878,62,Other,Property,141827.83,9,0,2651.72,35868.64,Medium
c37d2784-38ec-4928-9094-423784a29d5f,21,Other,Health,169124.47,3,1,3955.86,33216.97,High
00f30677-7232-49b4-aabf-c8fd6052fad3,53,Male,Property,73031.49,5,0,3328.55,17168.89,Medium
99278e28-e3bc-4b41-9e8b-6cf08664d0f7,87,Other,Life,22576.75,8,0,3349.68,954.96,Low
f33c5bcc-fb05-462e-855c-d329492b17ab,48,Male,Life,152816.51,1,1,2526.27,34489.56,High
317c606d-ea47-4b76-923e-5ce59cf9e8a2,36,Other,Auto,170146.03,6,1,2889.99,47274.74,High
e22e0785-c80d-42af-a88e-73309006f163,78,Male,Property,153285.7,5,0,3855.73,31606.01,Medium
22af02a4-c9b0-4efa-9473-218cf0bfa009,71,Female,Life,45713.05,1,0,4216.73,21764.64,High
806851e5-7162-4b1f-ba52-e93e0f781d0f,56,Other,Auto,155617.03,7,1,3634.53,26257.69,Medium
7310cb0b-fd96-4cad-8bda-3e9fd0aa05c5,36,Other,Property,158406.1,6,0,4658.33,9981.44,Medium
b536bc90-dd23-42d5-98bd-956a8c16bfdc,56,Other,Health,138537.29,4,1,4191.46,37527.21,High
f417b9f7-f7eb-4d3f-850a-25ff4a1e4c1f,84,Other,Life,157900.87,4,1,3028.39,37320.99,Medium
8b5daa1d-ec6d-4993-a37e-ce65f129ff2f,62,Female,Health,172265.86,6,0,3521.33,7275.87,Medium
a817853e-c476-4649-ae55-a9d2e77ab25e,30,Other,Property,130448.74,8,0,4668.39,43898.92,Medium
e3249981-bc7e-4a10-aed0-c87f4a440e0e,75,Female,Life,35948.85,8,1,3286.26,13459.49,Medium
05b99a8c-594b-4beb-a610-45b70a309fda,37,Female,Property,107773.01,8,0,4211.63,49112.8,High
4141c112-3882-4817-b2bb-c9b50dc9c47e,89,Female,Health,33976.88,5,1,3599.65,19145.15,Low
d049ca38-5037-4798-b81f-fe11a6bf538c,78,Female,Life,93357.75,9,1,2983.71,8894.2,Low
455bc04e-51ce-4240-8f2b-c3cbc85527ba,56,Male,Health,93279.17,5,1,1588.27,17586.01,Medium
92becb14-569e-4d6b-8f43-76a509fa6f8d,18,Male,Property,31881.77,2,0,2416.99,22009.02,Medium
e46d669f-af9d-4059-a22e-0defe44bb8c8,20,Other,Property,82787.7,0,1,4854.84,3465.39,Medium
ec05c394-3d35-4b99-b83a-84d244e8a768,79,Male,Health,39979.66,6,1,3459.94,28910.92,Low
2f6da8a7-8750-4aa2-ad2e-f73753bb7f07,80,Male,Life,165482.34,3,1,3039.78,29881.62,Medium
859c0e11-7339-45a6-be09-8d5d75ad7070,42,Other,Health,190583.84,0,1,4698.3,36946.52,High
f89d5240-fce5-4cc2-b23b-97c9be23745b,73,Other,Property,33016.97,7,1,3139.3,1458.49,High
400f7683-9ab9-4ef4-9628-01c07ee9fdbf,50,Other,Health,191920.74,5,1,2867.37,27061.91,High
e748073b-e533-4149-b149-2bca059f81aa,55,Male,Property,114063.79,5,1,3916.9,2645.37,Low
51c8a696-af2f-4ba8-952e-51b6977bd81d,23,Male,Health,73921.82,1,1,3707.0,35057.21,Medium
546e9e6b-f390-4c1a-ad6e-b30bfcc03256,75,Other,Life,33835.17,0,1,1369.22,2786.4,Medium
40954638-3a25-467e-8b74-0016551df8da,61,Female,Life,110112.37,1,1,2620.89,45586.39,Medium
e99134da-0dd6-4dec-808f-e0c8bb07c77c,62,Other,Health,163012.8,3,1,2626.32,35104.13,Low
6db53250-da9b-4047-ac67-534e9a15d0f9,49,Female,Health,147275.57,1,0,2202.01,25369.49,Low
ef352580-77e8-4f98-88ff-c34ccae0140b,62,Female,Life,29040.68,0,1,2827.82,22075.2,Low
ecb124a0-bc73-4de4-bf66-74aa2081f990,78,Other,Property,33122.33,6,1,2358.98,6533.63,Low
f164f627-c01c-4389-bf3b-6a085479522c,64,Other,Life,92517.19,7,1,1397.05,14549.97,High
7cf45709-988b-4be3-b7b1-bde9eed0f222,38,Other,Property,73152.29,5,0,2355.65,43447.96,Low
358b9439-c6d5-4503-9426-0b08984dbe33,53,Male,Health,61829.18,3,1,825.25,45222.64,Low
64c31d47-1f2e-4228-83ad-b7de7379d5f1,36,Female,Health,70580.81,5,0,3091.04,37.39,Low
2084393a-4f24-4afb-a387-a73a304b150e,37,Male,Property,164626.89,2,1,4341.45,29706.82,Medium
28e54275-3c91-4eea-8d6d-63a147712529,74,Male,Health,187261.05,7,1,3763.79,35965.03,Medium
837c4723-d402-44ea-89a4-a1f1234551a6,35,Other,Property,92918.49,9,0,2121.77,30937.35,Medium
96a60184-9b86-4536-95cc-ee95256aafba,64,Male,Auto,183099.98,1,1,891.82,4083.99,High
2a8d4284-4347-4aba-8dd4-abe841c550f6,66,Other,Life,77869.23,4,0,1409.67,10886.24,High
397252ae-47a9-4e42-83e1-bfe1c1996350,31,Female,Auto,105758.66,0,0,2954.71,12517.01,Low
b0c94f96-f023-46a6-8f38-581ed9b01237,32,Other,Property,60685.22,5,1,1431.76,41586.23,Medium
4931db87-622e-41a8-8392-9e914709b376,48,Male,Life,135285.69,1,1,2947.88,23159.97,High
eb219413-13f7-422c-8d90-370c1592a07c,18,Male,Property,196216.6,3,1,1542.2,24341.41,Medium
4ee19331-7731-45d6-a1fb-663d1b73fc02,71,Other,Life,128628.76,5,1,4320.16,46744.65,High
de2b38c6-70a1-4c24-8bba-53c660b39fb8,20,Other,Life,84406.54,9,0,2287.72,31854.29,High
4edfd586-8c60-47a1-81f5-4317a09f862d,33,Male,Life,136607.14,7,0,1604.98,44933.39,Low
d81f27e1-b9cf-4134-9ae0-6d263defdc6f,74,Female,Life,42125.72,7,1,4155.47,22825.44,Low
d805b4d6-8c49-41d8-b8d9-0ac05fbee4d6,29,Female,Property,179958.63,5,0,2042.78,7471.81,High
1a88ee05-c0e5-4d51-b251-1b8cabdea9ce,33,Other,Life,110555.11,3,0,1001.69,46496.78,Low
6c8e5749-9625-49cb-b0c1-c7421fc11ff1,89,Female,Life,100882.95,7,1,3066.84,22935.26,High
c34f6737-b99f-44ba-92f2-2f855d77dd88,41,Male,Auto,125455.66,7,0,3117.04,9081.57,High
fcd35c3c-3835-4ed4-9dfc-e74e82be5061,45,Other,Health,132461.1,9,0,3716.13,15119.79,Medium
f1874ed3-b949-4e83-871f-f4c7d20ee84a,25,Male,Health,32919.65,0,1,1580.99,2540.13,Low
1b347fcc-e179-43e2-bde4-baa9229e1c91,53,Male,Auto,142871.1,3,0,2496.97,23415.03,Low
c5d1ee6c-51ac-4e0f-852b-ae3bffd6c77f,25,Female,Auto,63547.7,3,1,1770.66,42656.41,Low
99157322-5155-4ef9-8f91-a6edc368814c,75,Other,Property,148511.47,6,0,864.29,46679.02,Medium
45059539-b981-413b-bb82-2e990839bf65,77,Other,Property,168056.26,6,1,4444.76,46630.11,Medium
028c1395-6871-4023-8f8c-a08fea45a249,67,Female,Property,164712.53,7,0,3779.91,6261.5,Medium
cd15589e-dd25-4200-898a-dda5b8712d1f,45,Male,Auto,119450.17,4,0,1856.58,19102.69,Low
54ca61cc-e47c-4d04-b0a8-935052bf4922,58,Male,Auto,113630.58,6,1,3197.18,1411.44,Low
ec3b2731-ebbb-4a70-a5a3-54dbac4a869c,81,Male,Life,45717.67,7,1,1405.69,42758.27,Low
568a577e-c14a-45e9-af1f-afdb816fffed,44,Male,Property,159562.31,8,1,4506.06,17937.79,Medium
f659b6b7-b39f-4ce5-8268-ec3824631501,80,Other,Property,68853.69,2,1,1017.08,31555.85,Medium
840f64b1-da0b-45d5-bb19-ee93f44a36fa,34,Other,Property,109405.18,2,0,517.27,35744.92,High
c90d1ed7-3e61-4393-a40d-9896be5c1561,50,Female,Health,71169.34,3,0,2759.04,21492.23,Medium
50f31c55-8a62-4c6f-8ad5-dad84a461620,46,Female,Life,44089.11,4,0,3124.08,15322.12,High
35d219b9-0959-4705-82e4-bf8c3271fbb3,30,Other,Property,133320.39,9,1,3105.34,48110.65,Low
09351bb0-ad0c-430e-890d-8b4155a749da,63,Other,Property,29779.77,0,0,745.3,48224.41,Medium
8cc1cddb-cf3d-4634-9fc0-9105a8172ac2,52,Male,Property,154756.14,6,0,1913.2,14471.82,Low
4eb91ade-33e5-4b38-91bf-20fdf924911e,23,Male,Health,77165.62,8,1,2746.4,23981.25,Low
fe8f3829-1edd-4490-8184-7b43c9e7c05b,86,Female,Health,20024.24,7,1,1474.61,48642.21,Low
63e756a9-6ab4-43a6-a5b6-2864ae951778,64,Other,Auto,112003.25,4,0,4426.82,243.42,Low
5cf98d06-f036-47e1-b0ec-820e5fe519be,42,Female,Life,28433.34,3,1,891.99,20633.91,Medium
94d43395-bfd5-46dc-a262-883e543871af,83,Other,Auto,69710.52,6,0,2693.23,5022.88,Low
07e90171-a240-4427-830b-2e2de09b99cd,27,Male,Life,147255.77,4,0,3611.37,25457.9,High
d8c3e27b-d9aa-4bdc-9397-81b4801aee75,73,Female,Health,31284.13,6,1,1677.88,1233.5,Medium
0312e7c7-d936-4d21-a802-2d7f317edc33,47,Female,Property,171080.93,0,0,3309.08,20344.92,Low
94444f42-e786-4f74-866b-cfdfa534bd23,22,Other,Auto,20687.59,0,1,4232.23,11034.95,Medium
2c23ad7b-3afb-403b-ba6f-7d9a18821279,50,Male,Property,64428.3,9,1,1356.52,26665.42,High
d1a6a674-41ea-4c1a-8d89-6a462456956b,82,Female,Auto,153362.73,2,0,4627.49,49799.68,Low
6868e5ec-9e67-4d21-a2ec-a0d3c9f8febf,35,Male,Health,76928.63,1,0,2991.01,40026.81,High
a223e08d-13cc-4e59-865e-a5dc21988175,66,Female,Health,38340.63,1,0,1846.54,42282.1,Low
8a9da96d-dc8c-4a7b-94f0-0fe64a1b2e0c,28,Male,Health,84842.11,6,1,2438.86,31763.25,High
6fcbb451-c9f8-427d-a3b4-8a5883eee9ea,43,Other,Auto,68670.79,9,0,1904.86,2077.99,Low
d18fa3d1-a4f7-456f-9b30-4a9b9a532196,80,Female,Life,171688.14,1,1,3763.0,10339.88,Medium
c5bf6de8-ec76-48dd-98f7-c251c349e6e3,76,Female,Auto,76402.63,3,1,4083.35,46253.23,Low
00f754fd-1ceb-43f2-863a-78021739a646,44,Male,Life,162007.84,1,0,4248.22,18305.66,Medium
83083ce4-c312-444b-b9cb-5151a7beea90,66,Male,Auto,180536.99,5,1,4935.96,5181.84,Low
c5073165-0067-4576-8489-26f538e267a3,50,Female,Auto,98087.14,7,0,4060.78,35120.27,Low
a417bc33-4aac-4b54-9808-15993ac37f10,18,Other,Health,183789.77,9,0,3206.23,14972.89,High
9627ea37-6389-45e1-87ca-a3f8d0377978,38,Male,Property,87917.25,3,0,2026.49,13442.85,High
6142dc43-1131-4686-9bef-1a161a9a0c53,72,Male,Property,193534.11,4,0,2950.68,49898.87,High
ca2d763c-a410-4882-9a63-4e473ba3d732,23,Male,Life,36072.11,3,0,684.81,42906.95,Low
a039c7ae-0c71-47d0-b171-29312b47dc9a,86,Female,Property,143663.47,2,0,3851.71,20396.89,Low
e6bf4edc-3874-4b72-91a9-eb6dc982a138,22,Female,Auto,108886.53,4,0,2506.8,49013.06,Low
347e9647-a50f-4c23-88f1-c0e1553dc6f2,20,Female,Auto,89776.78,8,1,590.1,32505.66,Medium
5b97499e-1e12-4fd8-b0e3-cbecb93195c2,70,Female,Health,133888.14,7,0,781.28,37101.12,Medium
577b3e01-7e20-4fdc-bcd7-d76166d27ef2,40,Other,Health,146694.28,7,1,2243.6,1575.65,Low
9aad604b-04b6-4260-b822-42329724a278,70,Other,Property,20785.39,7,1,3125.4,6080.26,High
8dcbce12-39fb-43a8-9860-2d7f8c95b8fc,54,Female,Life,50051.56,7,1,2588.92,31654.26,High
35740197-53ba-4f70-b0d5-2d980bc11821,34,Other,Property,148348.29,6,0,3286.42,44951.2,High
21554f9b-1437-4716-9305-a1427cbd479f,18,Male,Property,139949.37,7,1,2661.32,31187.19,Low
1d92faa6-fadb-45d4-a7e8-67d18ef3684e,68,Male,Property,193888.55,7,1,3477.67,6701.24,High
8a5a10fe-c420-4dd1-91b9-09b530b07ce5,62,Male,Property,156986.8,7,0,1486.07,5788.0,Low
fb749a37-1690-4f19-8f3f-822edbe0bc0f,21,Female,Auto,191139.09,9,0,1007.79,42209.29,Medium
2b743108-e9c8-49a2-a1ec-7396a9ddbaa6,79,Male,Life,146457.29,6,1,3183.95,6965.12,High
5a008594-6606-4162-9f49-c5268956c08a,82,Other,Auto,73649.4,0,0,2681.1,26011.6,Medium
6ee68689-d1f6-4f98-b8a0-df21d338a69f,49,Female,Life,38965.69,3,0,620.9,1855.67,High
59541da0-9d31-4405-9175-c03c4cd8f786,51,Other,Health,160728.3,3,0,2212.17,4033.49,Low
e2cf7c0f-a9bc-4035-932b-aba584951abe,89,Male,Property,135946.86,4,0,977.57,33617.41,Low
167697fc-dfa6-4bfc-8e08-dd94a0d5e166,56,Male,Auto,28673.48,9,1,2891.11,34459.07,Low
6b9592c3-43b8-4407-844c-755d2e32e275,43,Male,Life,84809.08,5,0,2281.0,17073.47,Low
7050f448-88b3-4ad6-8517-017b32b1459f,51,Female,Health,192223.97,3,0,3259.18,10780.49,High
89b53d7c-6cae-48f8-8a82-8f1bfee14bb7,71,Other,Health,110072.21,1,0,4125.21,40685.51,Medium
e8401bd8-9d64-4c01-83d5-289728d7054b,20,Female,Property,97891.24,5,1,1848.51,10855.16,Low
5c79ba89-c007-4945-b43a-d1209640503d,67,Female,Life,102385.93,7,1,4829.46,27101.35,High
c8a0c50a-6f46-488a-9719-465a8b9c76a5,29,Male,Auto,57598.89,7,0,2910.36,48410.44,Medium
476b4c07-a3d3-4857-be4f-66fb6ab28301,82,Female,Property,86367.29,6,0,3282.31,7392.62,Low
0e16aa39-a969-4b1c-893d-8c3584027787,71,Female,Auto,86566.39,5,1,3563.03,47043.81,Medium
2944142a-504f-49e2-8dc4-0ff3989c8e3b,22,Male,Health,29423.9,1,0,3500.29,9144.65,Low
e78f9872-b682-47ae-85f0-71afb7ff9768,74,Female,Auto,158162.17,6,0,2799.37,28372.16,Medium
d0b900a6-2bdd-4638-bb6b-3a077b4b055e,34,Male,Auto,94970.8,4,1,2429.44,18850.39,Medium
7e27209c-759f-4dc9-9146-10c942f3cd83,64,Male,Property,167992.38,5,0,742.02,48246.43,Low
c8eaf1fb-2336-403a-98fc-c720b2b63835,40,Male,Auto,173062.64,9,0,599.39,13677.1,High
d811f609-cec4-4761-ae23-a2775adcc5e4,31,Male,Property,58158.93,7,1,2110.83,19982.9,Medium
bc5aee45-0267-4bfb-916e-30102fb80f8d,83,Female,Health,138323.63,7,1,2001.47,49143.01,Low
9ab2ef7e-99d8-4e39-9358-bdab3197e773,68,Male,Property,105010.72,2,0,2244.63,26823.52,Medium
60f28442-62f6-4c3d-a136-acd2cb28cad8,55,Male,Property,178428.21,6,1,1122.66,25131.51,Medium
2136d103-4640-4d03-89a3-78e172f33d09,81,Female,Life,58833.32,0,0,3821.76,12888.92,High
2b3c0ae3-a954-46a0-977d-612d5140d0db,55,Female,Auto,142006.38,0,0,4356.34,35068.18,Medium
1d623e6f-5cc7-409c-ab9b-b7cf9a357ef9,67,Other,Health,129395.38,6,0,4724.22,718.65,Medium
8f88cfda-5893-465c-94b9-ffdf49fee912,47,Female,Property,73154.27,9,1,2715.63,2475.63,Low
8a9edaf6-0143-4be7-a6b3-e04ef22b844c,68,Female,Health,44588.16,8,1,3653.9,29967.93,Low
96e7fb8a-6e56-44d5-acf1-d758aa85ec1a,80,Other,Life,137295.16,6,0,4349.98,17083.73,High
edbc4b8e-9cab-4694-b4b3-af19b7e5a3a8,69,Female,Auto,152947.54,9,0,2382.31,47665.82,Medium
6d0c9114-eb61-4900-b230-2837624b5c62,55,Female,Property,76812.92,4,1,1892.36,45159.53,Medium
1c4ce388-38f5-469f-af76-d694bee31722,47,Female,Auto,136069.87,7,1,4715.26,35685.31,Medium
18427b8f-127b-4bee-90d1-df260a909718,68,Female,Life,91123.56,1,1,2820.54,40907.28,High
4e314e37-ba0d-4a96-88c5-34f743bfc8ff,22,Other,Life,148377.24,8,0,2737.64,33366.59,Medium
5a702224-17bd-4951-914f-c503daeb02bb,46,Female,Health,55858.75,5,1,1302.87,6279.11,Low
4116eb35-59b0-4530-acb5-3732f52de7b1,21,Female,Property,180238.7,8,1,986.7,38277.17,High
a15148d2-cdaa-4376-8ac6-e1d8323b829b,27,Other,Health,71733.73,1,0,4289.48,10509.6,Low
7bdd78ba-d58a-41d5-99a2-9a32ddff5bcc,73,Male,Life,86201.48,2,0,3263.6,16172.14,Low
55bd6a0c-b69d-4dca-8ff3-06ee20fc5262,34,Other,Auto,30456.55,7,0,1966.21,40961.71,High
9f315417-556a-40f0-bbfc-1e407dc059b2,34,Male,Health,40072.2,0,1,1362.81,26826.28,Low
cfa124f5-003d-48dc-af4b-ce55c45d30ab,86,Other,Health,112855.14,9,0,2999.74,42997.04,Medium
9e9ce426-8c21-4645-9784-6c257eaae59b,51,Other,Auto,68166.68,6,0,3127.64,10651.77,High
b06e3457-874a-4776-9fcf-6742b3845e73,23,Female,Health,170386.44,6,0,1431.47,30388.92,Low
dfc35bd0-7431-4378-86e2-568ecda9ea44,70,Male,Auto,22644.81,0,0,4331.33,4189.55,Medium
1ad1322b-a5a7-4ad7-8891-d6e0e897b167,83,Female,Property,88236.93,8,1,879.19,32153.05,Medium
cf8cf63b-d23f-4777-a08e-706692f8da51,60,Male,Auto,80722.2,7,0,2102.42,38126.7,Low
65bf391b-ab17-4e54-bf6f-6ef2eef59775,40,Other,Property,23478.97,3,1,3561.73,29246.54,Medium
3897d650-ab5e-47d3-9101-fbb43889fe36,72,Other,Auto,42386.31,9,1,1733.54,13311.58,High
bcbdfd83-4475-410b-b310-03d189fdda22,33,Male,Life,94455.68,4,1,4224.54,1567.13,Low
0af07173-4ed2-4b8e-a2bd-a667307c21e2,25,Female,Life,108715.63,1,0,3829.41,5972.44,Medium
d0a87543-5084-4eb1-bdae-d938522644d3,21,Female,Property,92772.15,8,1,4050.6,31115.15,Medium
cf257e9f-7582-4608-b395-21cda82c809a,21,Female,Property,115568.78,5,0,1035.98,46721.01,Low
0d4669d0-a79c-4fb4-b1e7-e39d3e87f7f0,73,Female,Life,127123.7,2,0,1132.46,10326.72,Low
8ed87a9e-8316-4c45-9497-23219784c02b,42,Other,Property,21786.29,6,0,1789.13,36751.31,Low
3c2a64eb-8b1e-4bc2-895c-4afe456dc138,84,Other,Auto,103537.13,8,1,2831.35,43322.55,Low
c054fbd5-c184-427f-8268-86205d5829d8,84,Other,Auto,193429.86,2,0,3866.07,26044.11,High
0ccf1c87-6da5-45a4-a07c-4e0f6ad76869,44,Other,Life,113425.81,1,0,4264.39,33463.29,Low
2fffe26c-4d62-4523-a6ec-05e59c1c1941,49,Other,Health,141957.61,6,0,3669.51,40750.77,High
a91af5ac-8348-4876-adcd-a7fb8a69ef70,67,Female,Auto,76135.49,6,1,4678.69,13033.76,High
e6682da3-1e8d-4b3f-b9c0-a4d111dbb2a2,78,Female,Property,159318.45,3,1,3824.35,14844.78,Low
24d83922-20a1-4880-ae20-3b22932e3049,68,Female,Health,159125.87,8,1,1878.21,31.38,High
f6353abc-377d-49c7-8552-0849a1844b62,36,Female,Health,113833.29,7,0,1692.87,48154.71,Low
f178a268-2bf8-4dee-918d-a2ea0c4ec7dc,38,Other,Auto,195682.49,0,1,3632.87,45877.24,Low
7f24c32b-9bda-43b8-b9ab-0111f0622352,22,Other,Auto,42599.04,0,0,1367.92,38228.41,Medium
003d625e-9206-4b48-9d0d-c33364edec8e,59,Other,Health,23050.58,4,0,917.22,3953.8,Low
5fdc72b0-f63b-4b5a-9dbd-a3652d20b3fa,78,Male,Health,158628.48,5,1,2895.0,22375.14,Medium
0db1c2ac-b45e-428b-a590-075ae2f9f726,39,Female,Life,165288.0,2,0,4197.39,5094.59,High
c11bfee4-a4f3-4f20-a4b6-18366ea49435,38,Female,Property,41637.3,8,1,956.21,796.01,Medium
9d4a8602-882a-496b-8046-e1699f933416,87,Other,Life,67804.91,9,0,4063.51,30809.15,High
479a952c-d867-4233-810c-c8db25f8ce61,18,Female,Auto,23159.43,5,1,4152.07,48041.47,Low
10ec8047-d400-43ce-8c60-23a30b744808,22,Female,Life,72795.55,3,0,2670.23,45143.4,High
82a24a7d-0141-41d8-b4e6-78bc312a9cab,29,Other,Life,159165.54,6,0,757.9,34837.74,High
670dd369-76bf-4a37-9d3f-98a563ac729d,63,Male,Life,113232.89,7,0,1285.65,4832.03,Low
fc9c4c39-a537-4af1-9ad7-6738cefbf0af,51,Male,Life,82657.21,8,0,3683.42,13708.2,High
f79d764c-d4d2-4a53-9567-a84f936c077d,66,Male,Property,86913.07,5,0,3703.0,16002.84,Low
e3d28d60-1873-4c65-a72c-218adce5ae0e,62,Other,Property,20243.65,5,1,4542.6,38157.5,Medium
613370f8-52c1-4fba-a116-d06799666b4a,44,Female,Health,73964.09,7,0,3122.09,40112.46,Low
aea82682-9ce5-4cb5-9f32-1fa2bff9eb00,43,Other,Auto,136362.57,4,1,1058.48,19255.31,Low
58ab24e8-457f-4153-b22d-07f45933cb93,64,Other,Life,195355.0,2,1,1046.37,20894.2,High
b2284cae-9873-4404-abe5-728168ad0acd,73,Female,Health,172470.95,2,1,3745.1,2225.45,Medium
63bfe634-655d-4edf-97ed-ec14e049deab,80,Male,Health,24247.09,5,0,1327.03,14456.84,Low
608d9455-daf1-4e2f-9bac-f710769e577f,65,Male,Health,181740.91,1,0,1977.73,22564.26,Medium
57f22a81-e70f-49ee-89a7-362d8ce5a21b,78,Other,Property,160975.71,5,0,2692.45,5849.15,Medium
1163e480-3fbb-4bbb-b2ac-23087c38dabf,43,Male,Life,160467.7,5,1,611.44,22663.37,High
80272f3c-6022-4fa2-af04-6a471ec785c0,53,Other,Life,102439.24,7,0,1619.69,42658.79,Low
a8eff619-1466-422e-9115-9e55da638498,18,Other,Auto,91640.95,6,0,2335.5,29066.05,High
e731790e-30dd-49f0-9b35-9b5dec6135d0,25,Female,Life,74524.83,7,1,1758.36,3946.49,Low
acc678db-da9f-420e-981f-88e33661e9a6,69,Female,Life,31825.07,8,1,1113.67,9583.57,Medium
4594f013-a711-4340-90c3-90b9234c1ca0,64,Female,Health,61082.37,5,1,3776.06,23727.22,Low
932e18c0-5947-461d-9a95-e169593cbc53,73,Other,Auto,64388.65,2,1,4159.16,18074.36,Low
8bf8e55b-f7f1-47f7-a5c3-c2b12d9c6b24,31,Female,Life,107133.87,9,1,1658.66,17936.35,Medium
7623ee61-fa35-42e7-af47-03b8fdf5b7c5,45,Male,Property,154539.99,2,1,3984.89,26463.37,Medium
135e9c4e-b743-47cc-9045-0b1cc0cb4657,19,Male,Life,105285.77,0,0,2234.99,29219.8,Low
fa164f90-3818-4864-af52-11a96f0ec29e,43,Other,Health,30412.0,4,1,2780.09,39843.08,High
58af3ff5-6732-4acc-94eb-8c499e0ae170,31,Other,Property,192402.16,3,0,4352.0,17048.33,Low
9cfa6330-eab4-4621-9ffc-16941fbe6a69,76,Female,Health,189690.38,8,0,3874.79,40273.31,Medium
0788799d-3ffa-437d-b2f1-4a43afc91731,73,Other,Life,161334.12,8,0,4123.03,16930.56,High
97461f75-62c8-4b95-90b6-3fd480cb68b3,24,Other,Property,198439.02,4,1,1115.8,2771.65,Medium
90df7b79-2dd3-4c5e-877d-0d776395d6da,20,Male,Auto,118006.82,9,0,813.74,27709.38,Medium
abc48ad6-4aee-422d-862a-c19ac5744b29,40,Male,Auto,193298.3,3,1,4520.32,29395.12,High
dcbb4c46-0ec9-446e-97c6-a06d1df4e172,35,Female,Property,33608.91,6,1,2245.25,46727.01,Medium
e9d11835-44d7-4758-8e68-d543e5e9592b,55,Other,Property,85822.53,5,0,1795.46,36303.07,Medium
b0f72b98-a2e2-49ad-9621-aa5ce15c3c4a,32,Other,Health,60568.63,3,1,3761.13,45888.63,Medium
680bed8d-2c07-4be5-8b08-3f322350eb7d,81,Male,Property,55249.96,9,0,4263.87,45417.36,Medium
134b7503-cf07-4774-8f42-e34326e7e8a5,45,Other,Health,45344.53,1,0,4381.2,30228.71,Medium
3f9d1f51-3a6b-47ba-9237-7de0d233a061,56,Male,Life,132034.46,0,1,1921.99,26388.1,Medium
b448db3d-85ac-449e-97d4-e4d076d2f4f1,74,Female,Health,160637.93,3,0,4334.96,27872.05,Medium
aa8fad17-3e0e-40d6-aa12-7379716c1b3d,34,Male,Property,124093.71,3,0,684.2,48916.54,Medium
56e70ca9-af2e-4286-a152-46aaf6722002,61,Other,Property,46453.29,0,0,723.48,38658.38,Medium
25f7d678-f22d-426e-81b9-4990266e0d15,42,Female,Life,166002.28,5,1,3305.84,5313.3,Low
030c32ae-7558-4381-bb44-8c9c1e32e7fc,34,Male,Property,134471.85,3,0,783.98,38921.42,Low
57bf7c73-8ae8-4a84-9789-44612cec5cc2,30,Male,Property,89869.83,0,1,1960.74,8526.9,Medium
92ef2962-dc23-4def-a442-205a5d4a46e6,42,Female,Auto,141343.45,0,1,3527.4,22367.53,Low
b41cbbfc-384e-493e-a3b2-26a0ec95eead,85,Female,Auto,66782.9,0,0,2017.7,10522.98,High
2faf33b3-f48b-4fa1-b02d-135299da3a0b,27,Male,Life,82134.6,7,0,1308.2,34479.15,Low
4bc37f75-91ab-48ca-bab5-c585c4c61033,84,Other,Health,185147.45,9,1,1766.08,43865.49,Medium
63779e08-ee14-4681-884b-8c3565168bdb,35,Male,Auto,72290.81,7,1,2559.09,14518.09,Medium
7336081e-4f0f-4db8-8a61-0c5985f2ce45,51,Female,Health,104597.89,1,0,2639.24,4100.54,Low
05ac5407-b31f-4f01-a6c8-08ccbb296e9f,25,Male,Property,180225.4,6,0,4023.5,14924.65,Medium
aa871780-6142-49d3-b222-b5a5c8f73fc7,57,Female,Auto,147389.84,7,1,3875.69,33618.09,High
3371ddb1-09e9-4369-9fb7-ac4ab01748fe,59,Female,Life,31196.58,7,1,2555.68,16438.01,High
11dae2a3-7715-4998-b429-fa90390a426a,58,Other,Life,46514.55,9,1,4305.5,13905.61,Medium
ebcf96c1-a4b9-4f41-b223-3e195d6106df,23,Female,Life,21411.49,6,1,1014.07,9221.76,High
c88087ac-77eb-4d26-a3c6-fb9bf74684fc,69,Female,Auto,133565.92,4,1,1649.09,24875.82,High
5e1e8c40-0a49-4f60-b494-aaa41156549d,43,Other,Health,100581.22,0,0,4225.89,13797.44,Low
3e1b9360-a349-4c4e-8a75-ea6709bf80e9,81,Female,Property,44169.47,8,1,2200.97,36550.52,High
a3edc651-2413-472b-8b4d-6da291e4af40,76,Other,Health,192428.14,6,1,4915.32,3831.12,Low
6fd1d8a2-171a-47b2-ad87-b450ed2b88c7,73,Other,Health,115338.75,1,0,2598.14,33201.65,Medium
9ce6a66a-3051-4261-bd17-e8c746ef4715,76,Female,Property,63540.79,5,0,4063.71,11878.0,Low
073f9161-cf7f-43c5-b059-1d8ca5805f4a,87,Female,Property,110108.64,1,1,2310.38,24463.96,Medium
688a4fa4-2e65-4180-9a60-431435975c33,50,Male,Auto,142331.66,0,1,2412.29,14304.5,Medium
e957832b-0871-4e85-b8f8-4d4c333bc5ec,70,Other,Auto,33723.06,6,0,2222.97,36138.43,Medium
6491eaf2-2360-480e-bc68-05ff36fb771a,39,Male,Auto,69446.69,1,1,3735.84,47265.35,Medium
203f1970-df2f-4a1a-bb26-6226b9870ae7,38,Female,Auto,165253.79,1,1,2963.83,45853.84,Medium
5a4ddd04-7487-4f18-ae61-30d51bed428f,87,Male,Auto,102739.68,4,0,4747.0,29171.31,Low
4925c5f7-bb2f-4e19-99da-84d3e4f231a8,87,Other,Property,118383.89,4,1,1629.01,23130.52,Medium
ae5aa9a2-ee93-414a-83f0-53041fb041eb,21,Male,Health,97906.88,6,0,952.53,40915.03,High
213b8ba0-3864-4aa2-b4a0-f8c4565399bd,79,Other,Auto,27901.99,0,0,2269.68,34166.32,High
6a6aebb5-1cd5-4999-b6a9-26be1614c666,79,Female,Auto,49834.96,7,0,3275.21,9178.21,Medium
59f9031f-72f0-4ad3-81f5-cb27d98efc0c,41,Female,Health,100197.49,2,0,4373.6,41045.96,High
ca5b6b1d-a085-4fe2-9f35-afee85c473df,72,Other,Auto,57653.38,3,1,2057.89,21444.22,Low
f61e42f4-eafb-4fd4-b8bc-b7c40196c52f,26,Female,Health,28996.23,8,0,3442.04,9449.28,Low
9d7eb1fa-dea2-4d43-ab09-095979491b74,20,Female,Health,171856.94,3,1,2075.89,14089.87,Medium
ad2a1491-015a-4f0f-ba2b-57476ef30f83,48,Female,Property,196614.66,9,1,3277.49,13376.35,Medium
ea213357-55d8-494c-97b6-1a22ddb66a7f,57,Female,Life,162765.72,4,1,4481.64,25960.35,Medium
97b72b6f-3998-4d20-8352-1927e37c1a15,53,Other,Property,173681.29,6,1,1541.11,11718.5,High
cf57efd1-32b7-490a-b058-1eeabf67c972,41,Male,Life,63555.88,3,1,2319.09,6178.32,High
14da3ae4-59f5-42a5-8ee8-75d6213f7d64,23,Male,Life,192912.86,0,0,4969.69,6184.54,Low
be5d566a-fd71-4c9a-9f10-be84799bff25,83,Female,Life,55446.63,8,0,4408.51,29163.81,High
aed5be0d-edbf-4dcf-a516-2ef6c815cadc,21,Male,Auto,191257.37,3,0,3040.88,36737.96,Low
56c44a6b-9949-49f7-ad95-7325a2a6bbee,23,Male,Property,199067.47,8,0,2824.82,16076.65,High
25c6e4af-31f8-460c-a228-4bc5f6378021,68,Female,Life,148110.11,5,1,1780.7,1732.54,Low
2bc13a03-b039-4a67-88f4-1e356b3e89a5,79,Female,Health,196605.87,0,0,2827.44,6361.24,Medium
9bab464f-2a8b-4cbc-bd55-76e793d8b895,74,Male,Auto,122517.16,2,1,4316.82,45734.73,High
072a974e-3b74-4004-ae41-b7d2309b28bb,83,Other,Property,66717.52,1,1,3583.29,24677.18,Low
60016b15-ab3d-4f74-921b-96fb9b6a8ac2,25,Female,Life,98659.26,8,0,1805.2,22678.64,High
b5157aac-de51-4f19-880e-af7dede78fdf,43,Other,Health,126840.97,0,0,1406.59,1902.46,Medium
bcdee747-9596-4287-838f-06c7826f797d,68,Male,Property,33154.68,8,0,1693.44,36431.85,Low
1d345d08-2804-4ad8-909f-96f8b5873e35,62,Female,Property,132021.79,8,0,1263.92,26403.4,High
e6e3d655-3472-4203-a5cd-a4cb3fbb524a,61,Other,Auto,196612.01,7,1,930.38,10104.05,High
a27c8ca3-4bc1-4a21-9118-a8466a66891e,22,Female,Property,54219.38,7,1,2386.11,5503.69,Medium
1b2b6fd2-05c0-41d1-a243-9f6fc7a646b8,87,Male,Auto,162667.12,0,0,1009.85,19169.39,Medium
dacc17af-f2a3-44c4-92af-07bf80dfbfb4,43,Other,Life,183421.78,7,1,1273.61,41858.1,Low
c555adf4-4e5f-4496-9303-c1c8559269de,85,Male,Auto,189866.29,9,1,2962.96,43264.73,High
1fdec056-4e43-4fec-a18d-821fcb02bc69,36,Male,Health,192824.41,2,1,1240.7,30142.32,High
2ae8a8eb-03ff-490b-9292-7c45faf2ecf3,37,Female,Auto,113862.73,6,0,787.46,36376.82,Medium
02acda7a-6284-44af-960a-238cf3c0e7d0,29,Other,Health,195915.42,0,1,1928.25,5757.79,Medium
53a193ce-df2c-46b7-aa1f-493dc17aab94,64,Male,Auto,156315.84,0,0,1491.44,29406.3,Low
ddba4c59-0ebd-419d-b146-f1b7cf34b6fa,18,Male,Property,49100.86,9,0,2818.87,33348.29,High
97637417-287b-4e19-8849-2c9f37252277,31,Other,Life,105842.02,4,1,960.65,10035.64,High
48ead6cc-c17f-4010-becf-a22631bdd9ab,81,Male,Health,149299.61,4,1,3882.97,44007.74,Low
e34f205e-65e4-45a9-97b6-5ea09836d0b4,55,Male,Auto,64521.26,7,0,4578.05,9749.84,Low
d817f28d-0038-4286-9b1e-8dc09e32a6c3,54,Other,Auto,135310.73,6,1,3845.46,15673.87,Medium
f28a289e-34fb-4121-b695-4c3f0454b17e,28,Other,Auto,139988.09,7,1,2897.72,31027.84,Medium
7d234274-5344-44eb-bcc4-6db800722392,20,Other,Property,49285.95,5,0,4373.01,31917.5,Low
6decf939-4612-40e7-8379-6570f78150e8,50,Other,Property,121715.36,5,0,3627.13,34969.24,Low
28bc0b96-5846-4f59-90b3-b09e6e458859,23,Female,Health,158892.84,1,0,547.48,5600.59,High
7977ffb5-51e6-457d-abe9-6347f6bb6abe,67,Other,Health,109801.22,5,0,2273.41,42473.22,Low
722a05de-fb4c-4bb9-91e6-2a6476779d88,27,Female,Property,22178.56,4,1,4329.28,26642.36,Low
f02132e9-3a38-4ad2-8ef7-ef5b24d74be9,22,Female,Health,21626.92,2,1,2056.36,23566.09,High
b8c41a8a-9d17-4bdf-bf76-343b951c60d4,40,Female,Life,84265.28,5,0,658.47,49054.88,Low
b0747f24-95ef-4aae-b21c-f6aa0fe332ad,27,Male,Life,186714.93,7,0,3857.81,37018.91,Medium
792a7890-d976-45ee-98bc-068fd9a0f2e3,61,Female,Property,61161.82,8,0,4109.17,5900.3,Medium
b835721d-f004-4ac3-9f45-b9e51ddefc77,19,Female,Health,134185.46,0,1,1222.67,37826.96,High
f9bc4ee0-5cd3-42f2-9ebb-2a7a3ec457b2,30,Male,Auto,59973.66,2,0,2918.03,4762.45,Low
4a01fad2-ad00-4a23-a956-c436bb64f848,57,Male,Life,77900.6,2,1,1363.8,1373.53,Medium
dc8f0bf1-bdc6-4f34-9ffb-0a08382d110c,19,Male,Property,172647.58,7,0,3736.55,20181.29,Medium
7bf9254b-446f-4759-9cc2-fcb19ce68918,82,Other,Health,151195.06,0,0,1721.98,49678.91,Medium
bf0d6826-1981-4411-b4e2-321959eefc00,80,Male,Property,37171.87,4,0,1922.97,8744.2,Medium
0c6a9ddc-9b68-4258-97fc-2f2a1573bd5a,34,Male,Auto,97166.36,2,1,4302.37,33632.22,Low
6c3d8e86-4633-46af-81a6-2e6706a214a6,26,Female,Life,25250.56,1,1,2643.45,8669.8,Low
f850d4ca-72ef-43dd-b35a-ea419f648f5b,32,Male,Property,106560.23,7,1,3513.9,36239.35,Low
6fb1e772-81e4-4604-9877-73c114119655,41,Other,Property,139238.12,2,0,2310.68,25267.68,Low
33bd4de1-51bd-443d-989b-5b53db50e2c8,55,Male,Property,41330.47,6,1,1841.03,33998.59,Medium
f49ced25-bdaf-4bf4-8994-4ae17b02e86c,52,Other,Auto,71999.29,0,1,3314.65,10143.66,High
199d21d6-848e-4d21-99b8-6a9751a5cfab,66,Male,Property,91610.59,5,0,1196.86,37281.42,High
e3373b3b-21ab-468c-8007-e38e9e1e8a97,86,Male,Auto,185515.58,2,0,2178.5,49780.95,Medium
6ba71723-220d-4088-b53b-0c22d6dce076,79,Male,Auto,198785.9,7,1,1440.67,33282.53,Medium
137171a4-b7aa-4fbf-a5e7-9641f470e5a6,77,Male,Auto,28084.03,5,1,3631.08,24674.0,High
4ccd4764-390d-46f6-9d02-8ad816328d45,67,Other,Life,156981.43,1,1,4748.94,46158.7,High
46992a03-97b8-40f3-83d3-8ebba8f575db,26,Other,Life,86910.33,5,1,4979.8,792.59,Medium
6b8b0b05-1b74-4ca7-a8fc-eeb0df721571,51,Female,Property,90642.47,6,0,2526.25,36496.18,Medium
791e05e6-e2e5-4b01-a5af-7425da65cfbe,52,Other,Property,155767.7,4,0,1636.39,44437.33,Low
5c717e10-89b3-4f12-89ab-004f13d794f3,18,Male,Life,185316.76,2,0,2492.73,3083.73,Low
4282ba5d-3212-4649-9e35-03971e7f2b39,57,Female,Health,191167.15,3,1,4312.71,22503.21,High
fddafb02-32c3-4823-8cfe-5064955c4b73,81,Female,Life,123882.07,3,1,1427.03,10235.97,Medium
1421120e-0516-4940-9beb-9112f0b2993f,39,Female,Auto,84281.81,5,0,4784.43,28325.91,High
b9da5bb2-319e-45df-ab85-4db9cbc2496d,77,Male,Life,161758.84,9,0,2038.4,32477.15,Low
fa2b7acc-fbdf-4629-9ffd-172db6cf1547,81,Other,Auto,65180.25,0,1,4936.12,15131.16,Low
ba066213-cabf-46c8-b538-dd670b36bcc7,89,Male,Property,121533.33,3,1,4273.74,22999.08,High
ecd3f427-de93-4ff8-9f87-1c3d46c14c16,28,Female,Health,84544.12,9,0,4138.57,13966.97,Low
7eac3fdd-e195-4e48-9ddb-9d202821c997,31,Male,Property,138193.59,3,0,1930.57,18469.56,Medium
193d6903-7c46-4b97-bc73-21c8f9ae7e57,77,Male,Auto,63271.8,9,0,539.5,7977.0,High
418602bb-9a34-416d-ad3c-ec3fa03f8ede,47,Other,Auto,54486.73,0,1,2219.6,44277.97,Medium
7bffe3c1-c299-4fa3-a1b6-cf94c2e42d90,52,Other,Auto,185283.04,8,1,1858.14,500.52,Medium
194ba47e-3f1c-43de-b855-f5824b7dcd10,54,Female,Health,38324.66,3,1,668.29,44120.46,Low
fd7b28d1-d015-43ab-87ad-4be9593a5e6a,22,Male,Life,111072.42,6,1,2774.14,28583.94,Medium
e1cfe9cc-06ed-4f16-aaf4-21297db13feb,43,Male,Property,59753.5,2,1,2313.64,16582.89,High
8624e12f-36f0-463f-96a7-b7c938856ada,79,Other,Property,27007.39,9,1,3355.5,36152.86,Medium
a0663670-ed14-4ca8-a220-f68a24a4f140,21,Male,Life,26483.39,2,0,3295.34,25387.61,Medium
c6c4cfc1-2ed8-4736-8269-0d768eb1189c,59,Male,Property,51539.92,7,0,1043.36,24955.43,Medium
4117948f-d771-411e-8f6c-0c8403337035,35,Male,Health,176018.66,7,1,4896.34,5507.11,Medium
7785e40f-baa7-4951-92c8-aac17a8a8995,57,Other,Property,70846.17,0,0,1341.19,19475.8,Medium
0ed0b84e-27e3-4cf8-93cf-53ba121a9b8c,89,Female,Auto,191082.65,9,1,2503.73,12053.22,Low
bcadac53-533f-4208-a093-0ca81e17a5ca,56,Female,Life,124692.01,1,0,2696.53,784.8,High
2ca014bc-df38-4b55-8ed1-ee5a5ec6b21b,31,Male,Health,98590.55,7,1,4158.78,18004.98,Low
f3a0b91c-3fa7-4451-af95-e04c178adabb,49,Female,Life,124415.99,0,0,946.53,4491.11,High
45201a03-3493-4cb1-a6c7-e13a2d92083a,68,Other,Health,113005.71,7,0,2428.9,12841.5,High
9de323ff-558b-403a-88a0-ec7deef3f784,55,Other,Auto,156579.73,7,1,3328.26,4625.83,High
6493d11c-580c-4e84-9681-16bf5453aadc,40,Female,Life,70849.29,1,1,1468.2,5047.08,High
22e85f26-d2a1-48c8-89ce-fd568ac9f023,80,Female,Property,83549.07,3,0,3323.61,9950.56,High
236bf2d2-205f-4ae1-ab44-eede83486e3b,32,Male,Health,180936.97,5,0,4656.49,49992.46,Medium
aefc6788-10da-4f2e-9d10-eb229f9fdb91,42,Female,Life,190362.17,8,1,4988.83,109.21,Low
886a1b6c-e175-4239-9580-2da74b766e91,34,Male,Property,180660.48,7,0,646.03,31933.63,Low
27cfed5c-7f45-4291-914f-a9187ba0872a,83,Male,Life,95500.64,7,1,1560.15,7062.18,Medium
317064d5-7727-4d8f-926e-c1b4030abee3,70,Other,Life,160465.79,6,1,1896.38,46031.41,High
a7f57d02-b8bf-4e2a-a4a6-86b1bc5a5ec7,68,Other,Life,105740.43,8,0,2296.07,4681.64,Low
80664c14-3872-4455-a911-1e57bcf428e6,56,Other,Health,109557.17,1,1,1590.16,47753.16,Medium
41a8fa79-178d-416d-9e6e-7c519b465fde,68,Other,Property,56842.42,2,0,1415.7,30546.32,Medium
0f0905ba-a61f-4b31-a2b9-613e8b1fa83f,87,Female,Auto,126403.45,9,0,4795.49,63.4,Low
f3c268ba-58b9-40e4-9d6a-2f84f5310f72,23,Other,Health,53504.46,7,1,4633.35,44700.36,Low
fbf18a40-eb39-4cd0-b92d-add64e881a37,84,Female,Health,79681.65,5,0,711.47,26085.59,High
54ff20ee-4b66-4f23-b4a0-da21fed2731f,24,Other,Health,173905.44,9,1,2024.66,13133.49,High
d014acdd-360c-4024-9419-0f578367d35d,68,Female,Auto,57273.65,8,1,2323.17,38363.96,Low
06c06e8c-a846-4c9f-86d4-43b561bccca3,89,Male,Property,32808.49,9,1,1575.57,46333.28,High
ae624636-3b48-47f2-890c-dc5deb366243,59,Female,Property,32421.37,3,0,3329.93,24184.54,Medium
87d109ef-4310-41d9-887d-ce11b487a254,81,Female,Property,189341.21,7,1,3381.71,15777.67,High
39882492-36bc-4992-96cc-396c95007a73,32,Other,Life,111245.68,9,0,4327.27,39447.26,High
9c39adb1-f279-4e4c-bde1-c81056fce8a7,46,Female,Life,93694.17,2,1,3833.91,34089.27,Medium
e40667ad-55a0-4175-8bb0-7720e7d6891e,50,Male,Life,165958.14,2,1,2941.58,44437.62,High
1e36a662-2e15-4be4-98bc-7ffd1b8736a4,44,Male,Auto,170448.67,7,1,3441.14,34625.7,Medium
472b44a9-83af-4627-87d6-4a2c1a3a067f,53,Other,Life,79794.39,4,0,1732.95,12176.42,High
49c11b60-0e16-45cb-96b1-572f41221f47,46,Male,Auto,144851.25,2,0,3168.75,46582.96,Low
76790280-9eb0-4541-ae96-5510c56d7621,55,Female,Property,158802.11,9,1,2701.52,5241.79,High
14ddfdb7-8e13-4069-bbbb-50b9a3204ab9,74,Male,Life,137837.12,0,1,1100.05,13397.14,Low
50a1ce26-1de2-4bd3-9d08-08dcb24ef7a3,44,Other,Life,47287.11,2,0,1591.45,26009.73,Low
de05ec0f-2e95-4f0f-9374-aa86707cb649,72,Female,Health,177658.96,8,0,1812.62,28287.1,Low
fbc13b13-2269-425f-b772-b2b721640c73,50,Other,Auto,117037.02,4,0,4659.39,765.53,Low
ce4a2668-2ac6-448d-a4a0-f6983ef371d9,85,Female,Property,70845.04,9,1,1536.74,39028.64,Low
1086f4e0-e0ca-4994-8dd8-dcf5f31d1b71,83,Male,Health,96541.07,1,0,1801.6,18080.37,Medium
2eeff42b-99ff-4692-bbb5-ec89e2499b77,27,Other,Health,26762.8,6,1,2162.09,20320.93,Medium
b50193cf-f2a6-46c6-84b5-df70a6adf847,22,Other,Property,43016.02,1,0,3486.84,40468.48,Medium
4bd2389d-a897-4c86-9120-a7618a3d4006,55,Female,Health,157798.42,3,1,1032.07,18964.17,Low
6e9bde3d-c864-4e8c-b0a6-3ec6fcc2342f,30,Other,Auto,20002.09,6,1,4792.75,2361.24,High
a70932f1-e22f-45c7-8d9a-2f389d548fbb,48,Female,Auto,94981.85,3,1,4395.07,8821.99,Medium
5093c616-f0ec-43f6-b26d-873e794ee7fe,64,Female,Life,114051.83,6,0,3097.47,47795.16,High
5214ebd6-030e-496e-ab64-441552abbce5,69,Female,Health,29834.2,6,0,3533.17,3520.27,High
36298bcf-2ea3-4575-9998-97a53e3bc453,73,Female,Life,195154.07,0,0,574.97,17746.56,Low
977b3a6f-de7d-4545-aef0-146b3f30e1bf,32,Male,Health,60702.56,5,1,2025.25,25158.96,Low
ced27352-db7f-4e2e-88e0-2c68b1b6c9d6,46,Female,Auto,74755.77,8,1,4080.47,24664.04,Low
e3d0a095-ef40-446f-a8a9-044b7c3c2b93,25,Other,Auto,74709.65,1,0,848.67,198.0,Medium
97b443a4-27a5-4355-87e6-60ac5749b2f6,22,Male,Auto,61475.0,2,1,1770.41,25058.14,Low
cdf2b5cd-99ea-4735-8c9a-c5f4b514c548,46,Other,Health,20265.29,9,1,3133.84,19188.62,Medium
c6b75109-5d04-4e67-a674-fdce87bfdccd,64,Male,Auto,151282.06,4,1,1653.86,48603.97,Medium
8b97692a-dd08-454b-9a04-bd06704a8ff0,85,Female,Health,194032.19,8,0,4702.9,7957.95,Medium
385358c0-7bf5-488b-823e-96442705be77,62,Male,Life,60372.83,3,1,1089.76,17707.71,Medium
3c39cf63-d0f7-4ba2-8f8c-c8474fa7acb1,19,Male,Health,139348.49,0,0,4088.27,20974.07,Low
357d61ec-e42b-4419-b3c0-9a5763a65701,44,Other,Life,153541.34,3,0,2785.77,19534.68,Medium
02057729-aa1e-44d4-a0d3-8b48ecd19163,53,Other,Health,172716.57,5,0,3876.49,33291.54,Low
8011a76a-964b-42f3-88e7-40afd14c7e5c,53,Female,Life,96073.26,4,0,1898.22,10775.64,Low
f78eaa26-278b-4b72-af16-61f5f8857ae8,43,Male,Auto,74527.56,0,0,2815.2,11053.58,Medium
dd956e5a-f87b-4a95-9d9e-beee2c700a24,60,Male,Life,78553.12,3,1,4355.76,36460.55,Low
589651fa-9e8b-42aa-9dfa-4d3271eec724,44,Male,Auto,148271.84,5,0,2600.95,25014.53,High
58049788-50aa-40bc-aabf-cd2dd7e84d8b,86,Female,Auto,167020.3,9,0,2118.74,20757.78,Low
6563e6f5-b4af-4209-811b-26e06f138547,37,Female,Life,52690.51,9,0,2912.7,8460.15,Low
374d4f30-b63a-4d97-8257-dc0933f80ee6,28,Female,Health,86769.38,3,1,3728.13,9376.36,Medium
1c39acc7-0ea0-459a-b28f-b0216298687f,55,Female,Health,182349.24,8,1,2496.04,527.58,Medium
fd0130b2-21ac-4ec8-969f-f3cba7717689,23,Female,Property,165204.83,4,1,4724.95,4571.31,Low
e432a3f0-0bf1-41d6-a182-677df853d629,89,Other,Health,197274.51,7,1,1827.26,27841.93,Medium
37021bff-28a9-462b-af44-0f281bef3863,40,Male,Property,155764.69,8,0,2639.59,44593.66,High
f4f950ff-951b-4c3b-a71d-93b6e03c3167,64,Male,Health,90775.14,9,0,3906.17,14358.24,High
660c7028-9b8f-415a-95a1-e98823bc18ff,63,Male,Health,126314.81,4,1,3601.04,16387.36,Medium
bf566519-0a67-4343-9895-b29428baaafd,29,Male,Auto,138982.57,5,1,4386.38,5780.28,Low
58ae28c1-3026-45c8-826e-fb4a036061ff,30,Male,Property,34122.05,0,1,4985.64,19431.55,High
ae6a0e62-5eb2-4af6-99a4-4f3fa9dd3ba7,79,Male,Health,118009.45,6,1,2420.86,1861.09,High
1d9c8d48-9344-4c32-bf84-b998d7e2c71f,77,Male,Property,147677.75,3,0,1000.18,45880.03,Low
8902225b-1ad6-4cc8-9725-445e8d59be17,60,Male,Auto,50117.83,1,1,636.87,33655.57,Medium
b8fa39f1-3c03-4833-aabb-e31888e9cb98,85,Other,Auto,160513.71,4,1,3770.95,49537.44,High
de7edceb-cc58-40f1-a235-1e6f33cd5263,22,Male,Property,125079.1,2,1,4433.06,44141.16,Low
67f55539-ca1b-4933-95f2-4e233f91e002,54,Other,Auto,191399.92,5,1,1493.21,23649.53,Low
927ad1b7-21f4-44c3-9a96-319f92beb590,89,Female,Life,27636.01,7,1,1213.02,25984.25,High
94ca5360-9de9-4f87-84f3-2f9120931a1d,48,Male,Life,67758.7,6,1,779.92,9528.8,Medium
64479178-8b7a-4072-99f2-b44f7a1ddce7,26,Female,Auto,128279.7,2,1,4202.16,23101.97,High
a1ba2275-50d5-420e-a3d6-e784fe8f24d2,68,Female,Life,73380.78,7,0,1901.22,45151.39,Low
8977e220-1399-4fa8-ae75-e7c388f9f708,46,Female,Health,148596.35,1,0,2307.64,2542.67,High
a3e37539-a94f-4630-bdb1-bba7f48e9d52,57,Other,Property,156620.95,9,0,2762.38,43177.84,Medium
190f81d0-4895-42ad-aa1f-d808d3f72058,58,Female,Health,38452.87,8,0,4277.54,17047.39,Low
41450195-4585-46a8-bd97-c6bdc07edce3,28,Female,Property,112493.8,3,0,3428.75,44975.64,Medium
a92b86fd-2e38-4f1d-aa14-3a74baa66374,40,Female,Auto,111600.3,0,0,3267.79,47044.0,High
448dc157-8ca5-432b-808e-88e2eae2752b,18,Male,Health,86470.54,7,1,1290.52,33543.24,High
32333cf1-9bea-46ef-941c-b4c608dc9a23,63,Male,Auto,187926.48,6,1,2809.35,33221.19,Medium
09642aba-6247-4992-a7e1-0c08899c7d07,38,Other,Auto,168951.14,4,0,3719.21,22637.72,High
713fb623-e213-413e-aed9-e21b667fd077,53,Other,Property,145497.69,9,1,4879.67,41777.01,Medium
5222cc08-4edc-4001-bf21-cd5abd3a2307,71,Male,Property,148578.79,4,0,1406.33,48080.64,High
0285b916-6b50-4355-a447-97f865f87aba,74,Other,Property,103108.91,6,1,542.95,38754.09,Medium
db78cc22-cba0-49a4-aaa7-8b9385cf9956,18,Male,Health,185779.01,4,1,838.86,31096.84,Medium
8e811ae4-6102-42d6-9414-0c8b1ee94370,80,Female,Life,145027.18,7,1,2191.34,30339.64,Low
82087e6f-e573-4309-a3a8-855e15c69c63,71,Female,Property,151216.59,5,1,4192.45,42473.5,Low
ae1a5bd2-5efd-49f7-bbe3-ace8ec6721ce,72,Other,Property,175104.36,4,1,532.14,27060.19,Medium
f55eac15-ed7a-4727-be08-32e1cf193a6b,57,Male,Health,69332.89,8,1,2555.29,40192.99,High
6fc4ebf8-6a73-41de-abda-fd5d5dd028ec,32,Male,Property,165272.76,1,0,1981.54,25444.26,High
a59cf55a-2649-47c9-a9e8-938555f6f05a,38,Other,Health,55143.31,0,0,736.17,3122.21,High
605b5875-6544-4702-ae6a-d69990a1850a,64,Male,Auto,82161.55,7,1,2526.06,19197.35,Medium
464b205d-d9ad-432b-829d-f4b422107e5c,70,Female,Property,80409.88,2,0,1646.37,22222.05,Medium
9dd53359-2133-4e52-a891-f1608b674120,26,Other,Property,196134.58,6,1,2083.48,7080.86,Medium
7efeb4af-d9ac-45b4-9691-4cbd68f783ec,69,Other,Auto,174176.7,9,0,3675.27,5124.82,Medium
7ab35d2c-306a-4307-bb09-8fd4dd08b298,74,Male,Auto,146210.58,7,1,2846.98,26773.25,Low
4f3650c7-53d4-4192-a13b-c0d0b2f97639,43,Other,Auto,150870.22,5,0,1060.91,4257.18,Medium
e74eb12b-45a8-402e-8e16-cd344e927eb2,58,Male,Property,121173.1,9,1,4826.37,15147.26,High
ee7fb6fa-b132-4de3-b7cf-d23a6d2bd49c,52,Male,Life,190476.32,8,0,3361.6,37229.85,Low
c90f826c-b42e-4b78-844d-b9e1fcb93730,80,Male,Life,109326.58,6,1,3946.41,48221.61,High
fa3730df-0486-4e06-ba5e-21a6aad15a64,42,Male,Life,88493.19,9,0,856.46,35893.53,Medium
866e714b-5e21-4dc0-a254-4a47ea2c9fd0,55,Male,Property,49346.36,4,1,711.76,49631.28,Low
cb289868-b60a-451b-a722-629ca04f2a29,19,Other,Auto,161517.02,7,1,587.52,34916.9,Medium
a41f173e-5978-460e-957a-8f31743364ac,24,Female,Property,152199.91,1,1,1349.57,14689.72,Low
3ebe23a9-5ba0-4b39-aa1f-63fa87fca839,51,Female,Auto,89183.91,6,0,2364.84,33602.63,High
4be1bbdb-e880-4e9a-811e-ddeb0d30e0e0,34,Other,Property,24534.81,3,0,4711.22,35107.84,Medium
81f043c1-c9b0-4075-8fd3-8bce8b3334aa,60,Other,Property,171019.52,8,0,2556.77,18586.35,Medium
97bbc331-1a73-4d07-85bb-d5b518677a89,76,Female,Auto,22055.24,0,1,1806.15,885.69,Low
b45f8cee-6a0d-421d-8946-91f1ea7fbac9,68,Female,Life,146665.96,6,0,3028.71,35159.99,Low
dd22138a-aca3-4326-800a-5ff7fe5523fd,71,Female,Auto,194646.28,5,1,1003.71,1085.0,Medium
0fbdefb4-6982-402d-bac0-dcaa0bc596ef,41,Female,Health,98779.04,7,0,3242.78,31559.4,Low
ccc6e9f1-4ffc-4bf5-a970-5b277ac2c41e,42,Female,Health,62295.21,4,0,3057.94,8180.82,Medium
f6f7fe5c-08e2-496b-93f8-5c248f7ca2dd,88,Male,Auto,146876.78,0,0,4063.97,28280.18,Low
ed090efc-4fb6-46ad-8fdf-ed65c7eb650f,69,Other,Property,167083.07,0,0,4940.09,25195.65,High
7f776a42-914b-4504-900d-f5e82e5b64a1,87,Male,Health,118357.46,8,1,1628.93,675.68,Low
dd4b9fb2-b11c-40fc-9ff7-45e43acbd185,50,Female,Health,194066.35,9,0,2793.45,18143.29,High
fb1f4676-a001-4067-9eaf-78e514fa1c8d,66,Female,Property,29300.37,5,0,4589.89,30054.56,Low
3ab01438-9d93-4500-9778-8c19033f0bc1,46,Female,Property,110863.21,9,1,4033.35,42430.33,Low
89f7c445-d0d1-4fff-aff5-6e8e0b5f4d9c,80,Male,Life,149321.71,4,1,2693.33,44432.11,Medium
ab4da662-3390-4a8f-ae04-b5cf2887ccb2,39,Male,Property,175275.28,0,0,4754.17,24192.5,Low
cadc0791-5980-4c00-a6a8-9f38add1bd57,43,Female,Auto,52266.01,5,0,757.57,36421.12,Low
65b86bc6-6b6d-49c6-966a-b38ab95e0029,45,Male,Auto,164000.63,5,1,4689.49,15822.73,High
1a007ab6-0523-4736-9692-431c2431912d,66,Male,Life,119487.27,2,1,727.28,17109.32,Low
dac9e94f-6cc1-4f0a-89cc-c46347e67bd3,88,Female,Health,91379.66,7,1,2962.87,9723.18,Medium
a91fc69b-f755-494a-b46e-52af5a2a22a4,66,Male,Health,43708.71,0,0,4506.98,28097.41,High
8c397f6e-8505-4c5e-8055-01277a77566c,37,Other,Property,175753.24,0,0,1682.24,15728.21,Medium
9b5574f6-595e-424d-a138-cd4d6626a87d,80,Other,Auto,48309.18,5,0,2625.12,4218.54,Medium
1a88d808-a070-4e97-888f-67023360101b,78,Other,Health,75761.81,9,1,1959.48,34250.3,Medium
47d4601e-e66c-4474-9df3-bba6c129e762,66,Other,Life,72208.2,0,1,4784.65,35387.66,Medium
ca44d9b5-aae3-4dd4-a7e0-5eaccc8862de,88,Female,Life,176854.53,5,1,4206.41,17999.62,High
18bc455e-c7b8-4be0-a2b3-e0224ece8280,18,Female,Auto,141086.54,0,0,3690.51,3836.17,Low
0ea96f81-8bb2-452e-a957-3b74f1d4234a,30,Female,Life,163402.65,5,1,3144.32,21314.89,Medium
e131a083-b54b-4123-bdf4-bf2909c93751,68,Other,Life,65084.22,2,0,4192.66,22116.77,High
ce48f483-6289-4ac5-9d3a-7c21b51d5876,73,Other,Auto,132477.34,7,1,2265.2,33433.54,Medium
c2766d14-36ce-43cd-ae39-79a7593f83a3,79,Male,Property,122914.28,5,0,2513.98,15770.82,Low
fb9102ff-ef95-4d91-85cc-bd16bef25f93,49,Male,Property,169909.47,0,0,3785.01,34129.96,High
e7d64b8b-4a28-4f4c-85be-f665ef167aaf,47,Other,Life,183095.67,4,1,2109.9,43574.43,High
27ec073b-8876-4911-8d85-c1a1a6f0736f,46,Other,Property,22188.22,7,0,787.55,11874.3,Low
17cdba27-3397-4e2d-b29e-eba4c37bf6cb,66,Other,Property,141323.59,2,1,834.51,48945.98,High
b915f3a6-0222-4b17-9abb-1bdaa16eed75,62,Other,Life,29330.44,5,0,1019.13,19318.41,Low
025640eb-ed1e-4faf-abd8-193bc83a04ec,47,Male,Property,118794.56,4,1,4413.57,13362.93,High
fc50ea5d-fab3-4b1e-a344-8c832bb4f31f,33,Other,Life,71773.89,5,1,2625.02,21075.56,High
8df814d1-7424-441b-a577-85dd9dce9b7e,57,Male,Health,75219.79,9,0,3707.97,4719.87,Low
eb1f6464-3cc4-4d46-9369-9b8e03535450,36,Other,Auto,83532.53,0,1,2268.09,6285.3,Low
99d82b0a-5924-4420-8846-5eef0b163a1d,35,Other,Auto,131832.64,6,0,1664.2,20721.7,High
1ffd9c5b-d002-467a-9783-7a904b900d38,18,Other,Property,80128.99,8,1,2062.36,38122.23,High
f2d12a81-a908-4de7-8d93-cac7c5ac49e6,64,Male,Property,151885.83,1,1,4073.82,45015.61,Low
83d15b9a-ff1d-468d-a509-3dac49650516,83,Male,Property,92814.93,9,1,3313.47,33240.9,Low
577d56a9-7ffa-4ba9-beaa-7e302d0d35a4,55,Female,Auto,32303.58,4,1,4719.38,5260.98,High
4adc4b1b-7639-41fd-b9c3-f1935bfa8ce2,68,Other,Health,161076.77,9,0,3558.67,33600.99,High
dd9cb55a-bab2-404a-b666-4443ef2daab1,80,Female,Health,71436.5,3,1,3065.82,31771.4,High
a40cf8f6-01a4-41ca-a1f9-9a7d5cd626f1,21,Female,Auto,97898.04,5,1,3245.88,40288.2,Low
453ea1d4-3479-4bfb-928e-c6349fb07a7f,18,Male,Health,143379.9,5,0,4740.67,41262.43,High
b8b63996-3fb1-4a2c-86ad-aa60b24c9667,25,Male,Auto,79842.11,1,0,4046.9,43410.15,Medium
40c4e7a6-bb2e-4b66-8b7a-fb503494d292,46,Female,Health,30185.42,1,0,608.19,20706.58,Low
e5270e63-4c2e-40a0-a1ff-d2a9e71c1595,72,Other,Life,87305.79,3,0,2903.63,34893.22,High
0b7e44fd-9000-492b-b3ec-e673bf8edcd6,20,Male,Life,190000.74,0,0,3597.52,13412.52,Low
c804b87c-9599-45a6-a27d-be349532a087,49,Other,Auto,135512.19,8,0,3869.14,49966.81,Medium
66cd27e8-f794-4c0e-b6b0-e3d6c36092e0,27,Other,Health,140866.25,6,1,1459.14,8766.71,Low
fe043171-7a81-4adc-b38a-eadbaee833c2,51,Female,Property,133810.79,6,0,4402.3,505.72,High
91f2145b-a095-4218-a72a-583912a48d91,72,Female,Health,55818.59,2,1,4801.29,7440.44,Medium
47b97026-0da6-4d99-b4f9-7ce425da5bc7,49,Female,Life,95300.1,2,0,1565.22,38793.61,Medium
97c4bb99-38c6-451d-98b4-9abac955ac79,67,Female,Life,155169.16,0,1,4471.77,22339.18,High
