Customer_ID,Age,Annual_Income,Policy_Count,Total_Premium_Paid,Claim_Frequency,Policy_Upgrades
3685a5b2-4e5c-41fc-b425-8308cf398347,69,176058.88,1,39366.88,5,4
39d6e282-4ace-474f-a628-02e3d527906d,32,93437.21,8,49570.73,9,4
4ad7023b-a15d-479e-b051-862f623cbcde,89,119310.07,3,27451.88,8,3
eb7bb721-11be-4ceb-9813-0bd64a992688,78,65699.94,6,48157.03,9,1
5f170252-5fa2-4c08-a391-18de0c5138fa,38,55300.36,3,4242.45,3,4
7f10b494-5ba5-407a-afb7-d9de01a69d8c,41,110991.42,7,18601.2,7,1
d0668eb4-badb-4955-8555-c1b809cafaa6,20,127108.82,7,11656.37,9,4
0b5376d8-53db-4fb6-a8d1-6732dd2249ed,39,81068.82,9,10193.74,2,0
0af31e42-1e7d-4829-8c2d-4a5220fb7f54,70,122499.83,5,7469.75,2,2
3e805cc3-28ab-4f54-866f-48992004190d,19,179742.89,8,31309.48,7,0
a889d9ae-a132-48b7-a4d5-e3a58da8d258,47,120209.89,8,39175.43,4,4
c250c443-d8b4-4e57-b5fb-2f0b15c1c6e7,55,149746.36,1,29125.77,2,2
69503131-def3-41fb-b7ea-cc818786c955,19,164956.69,5,7774.65,9,2
8719cb9d-78b7-43ef-9d75-6d62d5dee8eb,81,197971.18,3,40650.63,0,4
d1b80c7e-8b53-4746-b017-b294779115ae,77,128575.53,1,31979.76,2,4
a2f99cb9-216d-4c3a-919b-e36918b338e2,38,165233.03,4,19714.2,8,1
afd103b3-5a0f-45c6-96f8-0826d3fad6d6,50,193276.88,8,33869.45,4,4
e1c38aa2-3975-415e-a909-a7c412e5ce1a,75,189993.75,3,13365.3,9,3
02e8e55f-e3f4-4185-bca3-7a48cf6678ca,39,45394.73,2,17587.01,1,4
1dfc3261-e3f6-4c07-965e-53cf61984a70,66,93150.62,9,45915.55,6,3
01205590-af07-4753-85df-117f0afffd3c,76,78318.21,5,14879.97,1,4
464c7fd7-54db-4e94-8a31-9a4208b21a48,59,35646.5,7,23764.42,3,1
f57e0649-997f-4680-bb45-6b69be627a9f,77,133983.34,2,44561.99,6,3
41031efa-b5f5-43ac-b75c-e40682de7ee2,32,152462.83,9,35532.21,3,0
0876e5e5-483d-4690-bda1-da31bd96fc62,79,172663.06,9,3579.06,6,3
389077cf-b05d-49b3-82b1-d825879d2b1c,79,42099.84,4,7791.5,6,1
ddab92ca-101e-4e81-8dc9-db7a15e4dfd2,64,177759.93,4,888.16,0,3
06de952b-01fc-4e4d-b61e-32695f2e0f84,79,135726.6,6,31730.63,5,4
d8cf22c3-0595-4e06-8741-52ff926ab99f,68,146710.3,6,22659.83,8,4
326e3169-39d3-4e2d-b371-6fce0b7f655b,72,183912.32,1,7146.61,1,1
31c2d8ba-3a79-4f80-90b4-457de405cc6d,81,132457.03,9,47917.74,2,2
1067eb55-35b1-4718-a89b-690855b9fd7d,20,80455.85,2,26718.16,9,4
43093e0f-cac0-4960-9fa9-8c7b663f1f1f,68,168519.32,5,12473.72,4,0
ebdca45e-979b-4382-8ab0-79022669511e,24,85350.66,9,25279.88,8,1
1f60741b-26aa-42ae-a8ec-d122de52ffde,38,26161.06,4,34141.21,3,3
78be0152-5a99-46ce-8dff-8c62347b5f78,56,169517.81,3,4273.84,0,3
eb52ac1f-8f0b-4b61-919f-30e10ac89a12,35,82134.59,7,14097.84,3,0
d4354f43-7a51-4058-9597-31e8c98ecefe,21,159290.21,6,40444.79,5,4
3fea423a-a401-4d77-b112-01e046789495,77,85296.42,8,23253.41,4,1
82c119e1-a512-490f-8656-0ac2dfc5ea1f,31,174992.24,3,27555.57,0,0
41d4dcfd-328b-44d8-ba1f-581d5ea4f0c9,26,59511.89,5,21924.39,3,4
7803a998-5f96-42d1-9dfd-ae3d0fcd202f,70,195418.51,4,2673.05,5,1
4c5b3238-aca6-4d8a-9ec5-e0174ed3cd32,19,160356.58,4,8704.61,9,3
10eff2ca-cb14-4490-8922-524ff7cdb3ef,77,40562.83,4,22554.31,9,1
54996381-4059-41d2-acce-1c8087a902e2,88,121839.79,8,10854.68,3,2
310012d4-798e-49e9-9c5b-2f7904aa0c59,61,197366.12,6,2973.96,8,1
a39d2445-674c-4a83-9f29-6daa1ac24090,25,104791.78,3,42260.66,4,2
9f7161ed-936e-4ba2-be83-4914688e6f9f,64,52779.28,5,49069.03,7,1
630cd36f-5e62-45ef-9cfc-a054ceb37d44,52,107260.11,6,39760.57,8,2
9aaa6bd6-8e42-4970-bfab-78d0351c68bf,53,112242.38,5,42762.35,9,3
f31c24b4-b800-47f8-9cb4-a7f27fa66eb0,67,153503.65,6,12477.87,4,4
5723403a-314c-42bc-a92a-df8aeb25a11a,21,145792.25,8,48051.04,5,2
2adafd35-0eb8-4051-a79c-aa3ee151e08f,19,92459.01,7,10247.82,0,2
4821aa80-c0d1-475c-b2a8-beb589fa4da7,23,59244.16,5,47595.78,6,3
782a67dd-616b-49af-999f-2743ac807fc8,71,136109.75,6,49743.56,3,2
5f4e7f57-8ce2-4978-95bd-491bfa88ac3e,21,95906.71,4,35730.28,1,0
aadd9acd-6745-49d7-94c9-40a9ff77b11f,71,43809.72,9,49066.61,4,3
b3b40b3c-4efa-4adb-b09e-9d945835025c,80,182103.01,4,28692.22,2,0
197d1602-2c86-4003-8a1a-be51008c830a,35,144419.93,1,13347.32,5,3
5018adb1-dae5-444d-bd5e-6737e6cb7af3,61,142973.09,7,22131.3,7,2
69090899-0c7f-4de1-bd92-093e2c91db39,51,168065.1,7,29881.27,6,0
bd4f0002-0d3d-4f44-bc05-7d224bfc7f2f,79,115339.1,4,4117.54,2,2
02cc96f4-fbf9-461f-ba56-141e32a0e0ed,31,166709.8,3,31305.99,7,3
337ad665-fe5f-4821-9fe0-6a909771f498,65,109656.34,8,49068.3,1,2
4b24ebb6-e1a4-4ab4-aa8a-4aa4bd300502,32,32091.57,5,9910.33,9,0
36e9cb61-3818-495a-a355-11f53ba3a88e,89,92944.66,7,39733.46,8,0
85d1de6a-1722-49e7-add8-e927907e1333,79,109543.68,4,45440.99,3,2
84cff780-a68d-477d-b409-5a90af5a7368,57,149636.46,4,47213.23,0,1
1e4ff94c-460c-4c82-bbb7-76fc499d6101,70,39184.17,8,48026.71,7,3
c266d8da-a8f2-411e-a3f2-a8b149fd129c,41,45203.34,8,26312.25,6,3
cea5c6d3-b026-4cb8-bb91-0ccdb9250293,43,67463.08,2,48876.74,4,2
b6143025-b20f-455c-8779-11187e1b10cb,77,67969.71,2,37986.86,9,1
f2bd0561-0413-465f-99c3-7f26c28cce46,58,151793.22,3,8502.74,4,0
c85d7ded-3042-4502-8558-8c7d96536b97,46,65131.52,3,24106.56,6,4
0b88ab0c-30f9-4c6e-8c36-580d8814c796,32,133957.65,1,36057.39,4,4
298a6067-c7d8-4e2d-9547-d36cf040f01d,62,108969.29,3,12743.35,7,2
4ec97d7a-89d3-4a63-ae6d-85f0df7162c2,82,123192.99,6,32210.45,5,1
6ea83ca7-f019-4a49-a3e1-673dc7867fac,88,170859.25,8,33496.72,4,1
d072bcd3-34cb-42c0-b45b-cfd661c7cabd,26,92788.67,6,8553.64,8,3
f1c79ccf-8f39-486b-89c7-4ed7db816fb6,18,158764.05,5,28471.72,1,0
0ff4fc3a-c233-4b34-9eeb-674a888054b7,25,95966.49,4,38695.53,0,1
3244a313-ea0d-428e-a867-01e21f32c599,80,83696.85,3,25195.34,7,4
98417b31-580f-4f1a-8310-255529fd8f70,28,192552.89,4,1099.1,2,0
00616f39-3b8b-46e7-8e11-13ea7ea4d37d,25,53186.77,7,947.4,6,0
09a30856-f793-40e3-a891-f7216f874bdd,52,36260.65,1,18172.95,9,2
674bf0bf-9df3-4366-b1bc-4f8c02a55050,52,158777.47,7,46346.61,7,1
a3f2e3aa-d0ed-4c83-a0ab-06b63b064950,50,32284.95,1,11819.5,5,2
d877b0ab-4541-4b9b-9719-0f1550e10848,22,170674.22,2,31901.0,9,1
b3951cf9-d37f-4e1c-82af-395512aa8b01,58,98694.81,4,11492.76,8,3
89f9763a-dac8-4aa2-ba74-e23da93f3f86,45,184792.46,1,16422.66,6,2
9a4aaa81-3cbb-4d12-aec2-94cead87aadc,24,149875.92,9,42478.08,9,2
6a67a40c-aaf8-4b1f-a3cb-1405f92e39a5,89,129872.84,6,36578.64,4,4
c105c959-d58b-42d9-87ad-57b7c6065e82,29,190875.22,1,5222.26,7,2
64280e26-d238-4a23-988e-252c85125109,51,91396.89,1,21720.75,1,1
653b60ec-2aba-419e-a6ee-d992ba5bf39d,50,191735.65,6,1943.9,6,4
3c61e6e6-b3dd-4208-80f9-0ec481de4e9f,65,44300.23,4,24304.06,3,2
2562c548-ee67-4bb4-9ada-34ec7e3e4638,40,107075.89,4,33290.48,8,2
3a2cd224-5de6-4fc0-bcaa-96e5ee205b15,79,68584.02,6,6365.88,0,3
e123bc83-48d0-486c-971a-dcf9e07cfdc1,54,117171.7,7,14799.8,6,2
53165933-590a-4459-b62b-8836da571c9a,61,49162.5,9,20192.91,5,0
a08c2d73-4ad2-4409-a34a-665ebfaddb1b,52,171475.34,5,46016.79,7,4
278573be-6d10-4992-927f-a8e63f4f665b,82,172353.41,9,49666.12,4,0
dd31f837-1269-47d5-9e8f-3d3f21657e3b,64,191942.54,4,2723.11,0,4
3ec0407f-0f62-41c2-b154-51d89523854e,20,47840.99,2,38169.89,0,3
2e0dae2b-1dc6-403c-b2a2-033f388e98c0,18,132199.86,3,18900.34,8,2
e64d430d-f16b-404a-b014-b96efa6fb011,22,105362.72,1,19926.68,9,2
8dad53eb-2508-4977-a2e7-417f21c6c8fc,31,81989.07,6,37836.12,5,2
004ad9e3-3eb1-4888-aa5f-a0287026f2dd,44,83277.23,6,45962.11,9,4
bce77975-9bee-4fa5-b9a6-7f74fc0d7707,26,94302.84,1,47570.97,4,2
76798017-4395-4c53-8a31-9af1a6d0f9e6,32,146886.6,3,29067.57,0,0
94a1e792-d626-4c52-986b-5be986cb0268,59,127691.49,5,18177.5,5,2
5cb4a963-9a15-413f-a164-611566fff85b,68,102742.67,3,39483.68,5,3
4f7bd4e8-20d7-4919-8cff-442de9dad975,80,33668.01,3,12924.57,2,0
2902253a-0cef-42b3-925c-b86ca53bd70c,69,33997.76,3,28421.66,7,2
51c0646a-661c-444e-ba9b-4d011ddc2d15,21,20421.09,5,18249.63,0,2
0fb350b6-80d2-4675-8636-5306e677443c,40,194185.89,5,33003.24,0,1
da129a3d-595c-458f-b413-74cac73c392b,32,20945.69,4,12399.75,5,4
9a5565e7-c38b-4d97-ae52-232eda3ebc19,60,38556.87,1,9983.85,9,0
994e82c4-4125-4139-8e1f-f9fd8292f3d4,46,76627.38,5,45952.83,0,1
39623e68-5bb4-4067-9336-8307a53ccbf1,53,165337.45,5,5539.28,5,3
c8e6617f-ed3f-4f81-a6c4-7327ace20739,30,193177.78,4,25544.92,0,4
b4753615-d206-4d1c-a923-358d14a32f51,49,162202.44,6,11432.21,5,0
8968be20-fdbd-4e16-bb5f-8ee9e241cdcf,88,144300.84,4,2427.03,2,2
0fc69a32-73e8-48c0-9e67-e305dc5b95cf,76,113834.12,7,2282.93,7,0
b2f731f3-3f3b-42da-8a54-7f71282a5735,45,35606.94,7,9173.48,5,2
4d076631-0927-4635-a3e9-e800d6cbfc34,83,192470.74,2,43405.13,0,4
cb0cf396-d453-4e6f-abf7-c02cea31f228,59,156510.63,3,14482.7,4,2
21b59051-ad50-44a8-87d2-30e7a170541e,62,135010.89,1,47547.73,7,3
f8a5e7d3-afd3-435e-8f59-3a33cb24a57b,79,156626.45,8,29290.3,2,2
f6e681b8-2754-418d-bd04-ec9238afc642,74,150338.6,9,22112.4,5,3
fdff429c-a66b-41ec-aeeb-adaeff76962c,23,134701.68,4,29214.4,4,4
ce346818-6888-447b-b580-f0604e5bdbbc,45,196503.82,6,26076.57,5,4
d79b5007-4f29-4efb-8afc-9804d3f7c425,45,182605.49,9,38059.42,9,0
85edcb96-fb15-4edd-8307-82e7f1d8e73a,61,136399.69,6,14483.56,0,3
9612b5f4-12f3-4975-ac8e-4a26ffacc43f,47,144771.54,9,17975.99,6,3
563b5ee5-f361-41e9-8a2c-566002e46a5c,79,29287.25,4,44757.67,8,1
a34b2640-99f0-4199-ad0d-f99e7fc03196,79,140585.14,8,47349.6,1,1
8b1ccdc8-78f2-4ef5-8d61-8ef139f20a3b,18,27949.78,9,44681.63,9,1
600f32cb-9ac3-4c87-a8a0-54a8b4e15128,44,125887.48,4,21262.68,4,2
e3e0e499-e9bd-473f-a259-652c08610f7b,79,199883.63,5,39128.09,9,1
54e3c3bf-4d4e-4573-aa5c-0f32b3993fd4,20,120045.18,8,24078.62,3,3
22a841d6-319c-466c-8e92-4969b35b08c3,87,105177.82,6,25128.22,5,2
dfdda49d-cab2-4198-87d4-fa77f83b9c82,89,76313.87,7,10631.67,5,4
808b30d5-ed55-441d-9d47-a9e6d3f5cb6b,44,41694.06,3,29760.95,1,0
cf552f52-cee9-478d-8580-6a1a8d0be330,26,151584.26,7,9713.73,1,1
1033b2d8-f5f6-40cf-9e9b-0adbea32172d,79,54667.83,8,16912.45,3,4
bde0f89a-d3a9-4b48-8ff3-9e378605bf1c,54,40750.76,6,42823.99,0,3
047bd99d-f3f5-437a-9b1e-9a0eb6809197,68,95917.28,9,10750.25,8,0
942feef7-9bb2-48d7-bb8f-3bf4e6d9ad76,61,163161.53,6,4022.34,6,4
6523c2eb-c874-42ef-ae57-1f02108a6778,41,154111.62,9,3915.88,6,0
64356aab-0f8f-45fc-bf1e-ca4a03208458,76,29878.87,4,47068.83,2,1
bea2dd96-ce4e-43c6-b028-8d24f5a442bd,49,101925.86,8,25592.56,2,3
04f77c97-761a-4b70-b998-cced74df3955,69,114038.22,4,20765.9,0,0
0b80f86e-6320-4c13-8840-6f3cb6a56427,79,136018.4,2,40638.49,2,4
33363f73-61b8-4a73-aa16-d6eb74dca281,75,137030.12,9,41873.38,2,1
64c3eb3b-5af4-4bff-872e-575bf68e331d,69,85645.5,5,16943.46,3,1
3a9761c7-c22a-4db5-be64-b477280348fc,29,120921.89,4,34834.09,3,4
b5f2f7d5-2cb0-45c7-9538-2c0d1c4c246b,56,106591.14,2,38670.58,2,4
8f68c62f-c417-429d-848c-7c5102b6b840,19,179299.7,1,32905.21,9,0
c9e7a341-c64b-45d6-903d-d2024770c129,20,115447.72,7,8003.96,7,2
7e414b88-24a6-49ed-8f11-7c2ecdd0e264,73,99385.79,6,43856.21,7,1
179a174f-0834-4344-af70-5b18c8022d07,76,92807.38,2,27185.18,0,0
78733dca-c3f5-4e75-bc71-d574bc389e1a,19,123037.0,8,14482.39,6,4
fd1ce7ef-3d0a-418d-a557-f4c09bdcb832,19,164715.86,4,21548.8,1,0
0e0e0201-f553-4213-a76f-89ed7b4f6c80,71,116912.27,8,2359.77,0,4
d870d257-a170-4a28-a25e-16f6904b810e,18,139097.93,7,6829.41,2,3
80e972a2-31ab-4c6c-94d0-2d3fd2c2a0cc,36,152814.04,5,38394.56,3,4
e9b382d2-9f4b-4f8a-8da5-27469c03f689,19,113630.26,8,500.58,5,4
ca2d0f0f-6190-4f91-ad9d-de3ebb7563ec,70,96827.07,9,21120.01,9,4
a82695a7-9c99-41fd-b46e-ea56719d06e3,61,177799.77,5,26364.25,4,2
c37eb45a-f447-4f2a-abb2-4d2d06468b2b,49,95151.1,5,3204.4,3,4
78adcfd7-9ccd-4cea-af92-fc5d73200861,87,103149.71,2,48667.37,7,1
181ce372-b797-4e15-a0cb-0bd813ebd1f4,49,198261.44,5,11693.2,3,1
65d407e3-6a2f-4bdb-8723-101871c4cafc,85,20042.75,3,15557.84,9,0
600be7f9-d5a7-48e0-8f57-861ce69bdbac,72,53385.12,7,15545.15,1,2
5c914a9b-1762-4b09-b22a-0b07b53b1d51,73,89113.5,5,11905.62,2,0
1fa7eb93-6a49-4107-84d9-9d75d1ced6f4,34,187866.18,8,572.95,5,1
2d5b6a6c-2dd3-4e10-8c27-efdf758f8a12,55,32605.35,1,36602.57,7,1
53362eb1-f405-4e02-a4cb-a0498ca5e230,41,21707.38,3,48358.85,7,3
0bee7d28-fd1f-48e0-bf71-458d7ae7962f,86,29483.09,3,11602.53,8,4
0a15134e-3f71-49e3-97a3-b65d210cbf7a,87,35937.81,9,33320.84,6,1
c96b9e49-305a-4024-9034-dacbb3814849,28,26767.42,5,37223.87,1,0
487de75c-a5d5-439c-99f3-8ec3693f06b1,33,106360.64,9,42497.06,7,0
63699e13-caf6-4ca6-82cb-30502903aee6,76,124536.3,9,21420.15,6,4
f532783c-0066-4e5d-87e0-f975c73bf88a,87,68903.65,1,15495.08,7,4
3e94647a-fbfb-4034-a8ae-96ed022a092f,20,91691.73,2,16602.11,2,3
8cc45a09-f5c7-4b95-a3a2-18f66442966b,37,36505.88,5,35774.76,6,2
566fafb0-1477-4e58-8323-f5cd4b7f5cdc,76,80546.68,4,40930.58,9,0
6f77b30e-c30c-4839-9a49-846a79c5a7b0,53,114053.45,9,9489.89,8,4
920b8b6b-e17f-4aaa-8645-7e926fcfd51f,36,151808.93,7,18861.58,2,0
55d78b5b-82ba-462b-af4c-b200cec86d11,84,20602.35,6,45146.04,9,4
3a0dd57f-47da-4378-aa87-8f5ca1593ed4,36,104115.94,7,40431.33,5,1
2e0f8ba2-16c5-4036-91b1-9885698d2002,37,73460.52,1,49250.49,1,0
29be2c6d-e095-4f59-905c-08dd136f4500,88,173507.93,1,37835.29,1,1
98d7181b-95d4-49d3-8e28-d1f10853d86f,69,148799.6,8,19963.16,4,0
140323d3-2aee-4dd2-a11d-0fdce7c3f252,50,126039.54,2,29736.57,4,2
904ad3ce-a897-4549-86a1-c90ce1252777,57,69907.82,9,33220.21,6,3
7d6e20c4-afe9-47f8-8520-d0f238c887b6,56,183861.04,7,4383.56,1,1
52fa743c-c7db-44d4-b807-3f9bd8b1eeb2,18,28118.12,6,27452.6,6,4
7f2131da-78a9-4f31-88aa-8a3dc1131f4c,28,39704.17,1,35611.38,4,2
e0888229-e0b6-4a49-b558-1bfcb2530873,74,90493.43,1,8782.4,5,0
db5ce52f-86e2-4775-a871-8027ede138bc,67,42398.76,2,39141.27,7,1
a4703516-5187-4c64-8fe3-e6abdc8a7a26,40,192154.83,6,29396.75,9,0
5f7b349d-f65c-452d-9d17-1e522680ff78,48,163638.08,6,47634.98,3,0
e4ec364e-50fe-406a-9e21-2cf44b108d78,59,66616.88,2,2599.9,6,0
a54ad3ad-197a-4355-af96-b5e7738ef6e9,24,125939.76,1,13633.64,5,3
3063c4e8-94f3-4e66-a04a-501c76487caa,33,196819.49,5,30276.92,9,3
dd5ab02f-1fd7-4763-9a4a-7e3a319c2643,77,179155.82,5,15179.72,1,4
409c57e9-ed80-4716-b477-997797e2b17a,19,128143.72,2,35864.0,7,1
9352aa67-3afd-4f51-93cd-0cf895265e44,18,182670.31,6,38070.76,9,2
a0122eb5-eafd-4c53-8baf-8ec3cf0ebf7d,65,198053.28,9,5574.54,8,2
bf7003ca-38ad-4d9e-b06b-13276e48918f,29,153803.51,2,25935.8,4,2
37922439-1f5e-4428-8aa0-9b20eca966fe,86,31697.55,2,25690.08,9,0
86adfe4e-1469-4dd0-ae5b-2e123def988c,54,92284.44,3,18779.4,3,3
1f5b6edb-6751-4e13-ba9e-9814b96599f8,49,170808.63,7,46679.78,5,1
3a82c652-e0b4-498a-ae78-1c7c3cb9766c,26,61502.46,6,41461.56,7,0
66975f14-a20f-4416-a70c-3a314138c1ee,36,169515.65,8,35011.86,2,3
0079587b-eae7-4800-b35a-72d794c40643,65,41660.98,8,35859.17,9,3
2326d536-cb85-4aab-baca-8bcb1bb153ad,20,28450.16,6,23354.95,0,1
bf9060cf-3518-4f0d-8317-8016d193b0b8,37,89136.31,3,46089.23,3,1
247fb1ff-efe1-422f-91d5-7694eec3e7a6,41,26611.75,3,34882.47,3,1
d86a14d9-b2b9-4fc8-8652-c07d8acf7615,71,192308.65,1,36584.56,0,0
eb177a2f-f2e7-42fd-ae32-ce2f389e452e,50,168717.03,7,43153.7,8,4
4f94225f-29cd-4a3b-abaa-3803b0273602,41,164138.54,5,14066.54,2,1
2c7c0bd6-b54b-4f43-9c5f-318f62f8bcd9,89,133360.03,4,40450.01,4,4
ba7996f7-516b-4876-8623-7b6c25d58d4a,53,58938.32,4,10164.41,5,0
53d868aa-f908-47d1-8b36-300e1c219c58,55,113286.87,4,17594.43,7,4
6aeabd68-e84e-4846-b008-a25f8a77f4bf,42,127509.33,6,17112.72,5,2
639f9f61-7088-40b9-9597-9498c6a41f3b,35,114505.67,8,48937.01,2,4
9e92c720-7dc3-4431-9678-6e67ec8ae3d4,83,66842.01,8,42898.59,5,1
200f7806-1043-47f1-80d8-10076b35abd4,71,112744.63,5,35207.91,0,0
85412b09-2b4d-416a-8a35-fc298b596141,52,108413.54,6,36489.31,3,1
ef86cf00-9340-4b42-bccb-6d614af91f8f,78,199340.44,4,28322.6,5,2
1be549ee-7d7d-44aa-a5a3-ad53021a5267,58,181538.51,9,47380.99,6,1
62adf5d0-4da1-47f5-b2ef-17ef228a0d14,50,103408.53,8,25064.81,9,1
36dabbab-6708-4e61-b025-46d1445ce2f6,85,132128.73,1,19335.63,2,1
0eaf35b1-ba47-4f61-a690-bfdf2ea0dd81,50,154616.89,2,8570.25,8,3
950ee2ad-85fa-42bd-8b44-79a8c87e5097,31,26275.73,9,39417.18,6,2
d862798c-dede-483d-a1fb-14804990922a,38,181085.86,8,36854.97,0,1
c85533ad-59d0-49ae-bdab-f8c15bb20fe4,65,174822.83,3,19525.57,1,1
485d6f6f-9de8-4c65-84f4-48652da8b44a,37,102337.78,8,1747.07,0,1
b8154028-dcab-4ae5-b7f4-207d18468fad,25,90410.56,1,42030.37,8,0
d334298e-8092-4bd0-a42c-02d482440619,24,69132.69,4,1065.19,8,3
4c778742-252a-4ea9-9325-0788a1df5489,84,105801.83,3,35333.14,6,0
15fa661b-43a0-47cd-bb0a-00261d833b1a,34,27987.8,6,48527.73,9,3
09814112-9905-40f9-a556-5ba7ebee231a,50,173394.84,7,22164.24,2,1
b431dc91-f04f-447a-be8f-d9480dc3764c,65,26376.03,4,12131.18,4,2
3e984e65-6c63-4f3c-9749-968efb4634b9,76,79229.25,7,35391.11,3,4
c212d6ca-dd26-4170-8cc3-46a3154c1680,39,187686.11,9,40947.84,6,4
143f1fd8-7f12-4d73-8f75-2505efb00a0b,47,152338.28,2,27548.3,8,1
a78929a4-f0c1-4e63-a8d1-f199858b5dfc,55,70650.37,3,48368.25,1,0
82bc5f5f-c837-4015-9f6d-91c2dcb5b3e2,68,65476.84,5,3057.6,7,2
dd081d72-0504-459a-8364-dee6232befb5,71,20914.79,3,25487.38,8,3
74bb83c5-f090-4926-97da-7286d2a02462,25,145228.57,8,36063.47,9,1
d6de8ca7-5037-4937-83b7-f5c3be42ff75,44,28781.04,8,43200.7,9,2
255e356e-1796-4e1c-9035-d1aba6106289,44,115868.45,8,9373.15,8,2
68c93f58-8663-4922-acfa-5972173b76d6,38,193181.96,9,40100.17,9,3
c2944599-e60d-4b67-baf4-2d7b5d462ece,47,39704.39,4,27859.0,6,2
9afaba39-4daa-4bef-b2af-b201b8811c55,45,181006.39,5,20129.41,8,0
2507ac28-476b-4bf7-b565-fd9882729249,81,198465.56,5,7019.89,8,0
0f6aaeea-cefa-4f60-9616-47d90d3ebd1a,86,31073.06,8,43332.14,2,0
89637c1d-7232-4e7f-a5fd-3f2232c4d8f1,78,178923.13,7,8285.02,3,2
8cd40067-102b-43fc-a16c-ad437491b30c,65,112894.22,9,15834.5,1,0
631e42a8-cdd0-4b3c-a18a-69aa1ca2afb9,36,183172.47,8,14857.25,9,3
b26911f8-f327-44df-abc7-4b48cc83c30f,21,122837.41,2,43634.99,2,2
b3b7b28d-5ba2-4fa2-842d-86a6d9506b40,52,139180.16,4,33798.8,4,4
49f81732-26d9-4f91-88af-56a10c0ef131,81,117880.2,6,39935.73,4,2
f04da74f-37bc-40b0-ad14-77bd320ec50d,66,175608.72,2,12898.16,5,3
1159636a-40af-476f-a8d8-c55c4f5f06aa,34,152103.79,7,31431.27,6,4
63438296-fd42-48f9-bdb1-64578ec8d887,61,113826.86,3,28801.43,6,2
36e44c88-5d8e-4142-a8da-891175e7f8ee,47,176268.94,3,41725.1,0,0
071c45f7-255e-4d77-b5a0-41cf117db369,63,64151.4,2,45351.31,1,1
fcf08e57-7592-4ac3-a82e-6e40969adf23,23,48321.32,8,1101.76,8,1
eb392c04-387e-40de-a875-8d724a44fcf7,54,48872.02,6,33863.99,9,0
79f5c2aa-7b84-4446-a571-9f5d133c6e3a,41,80121.6,1,3065.87,1,1
20ef6fee-5f8c-4b4d-80b0-8eeafd1e6c12,63,62964.21,1,27668.5,5,1
24047c6b-0aad-40ea-b1d9-4093368d70f2,70,187416.26,7,14737.82,0,0
1a82dd69-0d47-4635-97e2-18e884786814,77,39050.14,8,15685.44,2,0
29a85106-04b0-4152-86dc-6364d987d75e,80,145818.33,5,17971.45,1,2
10f55d69-823e-4c44-b0d0-b1a49d840d8c,49,54059.88,5,31253.98,2,2
44c9e55f-2d2c-45d6-ab40-545bac34ab5f,50,178694.68,4,17035.47,4,0
17ce4c9e-796b-482b-a565-a4765ae7ccdc,84,193036.75,6,36768.6,9,3
cbcb8703-5c45-4fdb-a11b-a85eef46881d,35,103784.6,6,20524.11,5,1
26262dbb-7eba-47a5-ab18-84e21e03510a,42,178232.87,3,3883.48,8,2
0751f332-39fe-49d0-8bc2-8939f28f6f4c,71,20926.13,9,39296.11,9,1
f3b7eca3-78c9-42bd-be2c-1b3c2849bec6,75,167590.45,7,14645.04,3,4
08ea5fb6-d697-4310-b311-163ea33f5075,84,61152.53,1,21921.96,6,0
b626a272-99b5-4bab-a419-298b9bbded17,63,183566.24,7,34429.47,5,3
da26071e-4a34-4264-a7ef-589a6c059c38,41,20201.62,5,16956.58,1,4
5bcb4cf9-786b-46cd-a4c6-92af3ea19568,49,120112.71,5,3300.99,9,4
35c324f4-1e48-4cbd-88be-8f7e32f21c0c,64,156194.44,2,19009.09,7,4
acf7d66f-7572-4d52-b9b8-7d629b892703,40,66563.9,4,47250.2,6,0
ea88df68-1c16-4798-bd4e-7f0b8eb69d5b,83,54763.92,6,32265.85,6,2
1b10de44-f442-4d4d-b921-ead54e2a0b65,44,35137.68,7,33738.22,7,0
0c65a86f-36b3-4f26-bfeb-d1ab943e4136,19,78758.04,5,31797.97,0,2
a63af59f-5e2f-4b26-b8b9-c6457c2e3ce1,34,120771.98,9,10350.11,0,4
6890124e-8a6a-4ce8-8650-7817553b743e,50,40851.89,3,21207.53,7,4
c1559ce6-9d81-46ef-9864-f0c3b599a551,26,87805.17,1,37671.52,3,3
a96e43d1-970c-4f92-856f-700ed6cbe83a,60,21633.03,4,5517.96,4,2
79ae9e2c-8f94-4b1d-9b02-ea908440f854,65,167362.3,9,14253.71,7,4
69a7adca-edb6-40b1-8213-20bc5b2c89fe,56,43120.77,4,14177.8,4,1
c77c3779-77e1-45be-a732-b1f930d8f12c,59,71001.73,2,21884.94,9,3
ddf4319a-af39-4bcd-8583-58894065ecce,43,23316.99,5,49028.25,3,0
803ad006-23d6-45e9-b3ce-fa99ba155b03,67,97803.34,3,3841.38,5,3
e8dd4cc9-5f00-4efd-a364-4f2031c48d2f,42,171221.87,9,26175.7,4,1
06ab834c-afce-4de5-b260-be588e9224f5,41,90587.22,4,9378.55,6,2
db7e00ab-75db-42bb-9887-bf105c6b0a44,30,52309.52,6,48548.49,9,0
4d85c856-632d-4c12-944b-ba2bf3acd651,77,155665.79,2,6108.52,6,0
5d12357c-47b2-4d00-8540-a0fa62f1f720,24,161985.26,6,20478.25,3,2
7e0ee85b-9283-4257-a3d0-0a82875fa87e,74,51275.63,3,37025.31,4,3
92f2de86-6942-45ad-a7d6-bdf0adb5fee3,53,158753.74,9,35375.44,2,4
452b1370-2b5f-4a02-8d27-f852b51b2269,62,190513.62,2,21425.07,3,3
9186cf8c-7058-4a57-9a7c-1e397acb022a,37,49947.97,9,17652.95,3,1
3701a420-a2aa-48d4-a8d6-a873853c2762,82,158777.17,5,20181.81,2,4
3fb39dea-89a2-4da7-9e1d-4de6be7b9b28,25,147542.96,8,13581.68,9,3
7a39559a-b63a-40dc-9c81-01ce720f8526,33,105243.3,2,10663.98,4,2
cee4e3af-a1ac-4647-b636-f38bf08f2397,31,30425.68,6,24410.47,4,1
c2fdf975-170f-49e7-867f-d0ec398f5d5d,32,33445.0,3,13792.42,6,1
f17ccc55-d7a7-4fc7-a06d-08e519f7cd14,83,173434.64,5,14729.35,3,1
62c93dca-b558-4a50-a8da-662ea9582cc4,49,198226.71,8,33009.43,3,4
8794930d-ad76-443a-ba15-bde75b4f7fc9,80,141689.41,1,48442.6,8,0
5103cb23-1b31-494b-933d-6daadaedb53b,68,100272.5,5,30380.04,5,4
a19f72d1-e4ef-4a17-978e-352aa0805e01,42,136563.26,3,4310.48,3,3
f525eb56-27f6-4d6e-afea-35f17eb305b8,75,126991.25,4,4241.39,1,0
e3aa81d5-6d60-4fc6-bb51-dd3177613a85,80,89050.21,2,47595.45,5,3
76aa5a0b-fc99-4e4d-9787-f508764ee81f,79,31812.71,9,15215.89,1,0
5d5ff0d4-bfea-43f7-8b8d-68972ad02a2f,39,167872.33,3,5057.32,4,4
87eee883-5c28-468c-bee6-a8343e8f9318,75,86930.04,2,30152.71,5,1
02fe4575-82a8-4e29-b1b6-80fcc03d95dd,75,167381.42,9,31370.61,3,2
66f9065d-34f2-43d5-bd19-ac494f9c760d,66,65451.57,7,32600.99,2,1
fceb3d49-457d-41e1-93b8-11e2dfc1cf72,69,20185.31,6,13736.4,6,4
34bffbb0-8b55-4854-b793-e46be1c5d4f6,59,48608.89,1,1247.98,1,0
db612938-4455-4934-85af-854f6939af20,87,104337.1,5,48268.26,5,1
4a910a2b-27ea-45c4-864a-d528fd0da04d,32,189974.65,3,12919.21,3,4
dcbce292-0e09-4d3c-bc9a-4e4aafee63df,71,38394.85,1,33963.3,5,3
9ba1ee90-9aa9-46ef-81de-821a2cf53dcf,77,173757.76,4,35478.18,3,2
bacc14f5-eb97-4b94-8efb-b9aa8184196b,25,114864.34,2,30695.37,3,1
b38f4579-831d-432a-aee7-bfbded111b2c,70,168665.74,2,15988.92,3,0
9f81bab6-d690-46a8-a6a3-7aed0f5b7f66,77,73707.4,3,13919.26,8,3
78ba284f-0fe8-4066-985f-d859048619c8,22,171190.49,8,30084.58,6,4
fca6f41d-602b-4280-aa0a-54ab14fbee1c,85,159108.1,8,43371.73,2,2
d8096ce2-81fb-47fe-ac76-6e1e8746d5fb,23,61409.66,7,47363.32,2,0
fedd1585-dec3-4762-95a3-c39544302034,64,43640.32,6,5742.34,5,4
815d670f-86b8-4cbe-8c90-4c3a18be6a5e,72,176249.78,9,8164.02,5,4
b8f6a23b-c75b-4e84-a745-fcea2629e47b,57,193382.6,4,47264.44,3,1
0eb7befc-d93e-4d25-83b1-8976d61866ef,69,25634.42,1,36958.49,8,1
a62692f8-a0cb-44ae-b987-2cb4bb26a57e,33,151628.61,8,44208.19,3,0
a9558ec4-41ca-4908-a66c-6273a97018b3,30,183714.41,7,10530.32,8,4
056a9ec8-00d7-407e-b1d6-5a3197fd658e,47,174324.82,7,29585.5,3,1
3a7212c7-f197-4a2e-9e49-21b1ea8d8157,36,193613.69,3,35206.41,1,2
6e8a2783-8ab0-4cbb-9a5c-ec50b3c670d8,34,156816.93,4,34165.54,1,2
956c11e7-5080-48ff-9d54-362b31012d1c,80,99613.78,9,20703.51,4,4
10d395cf-599a-4499-8f68-f488f8e20b01,36,76151.36,6,1262.05,3,1
5d8e569b-b9c0-4c15-84f4-c1ce5d138fd3,75,77733.69,5,29354.84,6,0
205fd752-f6c8-41c0-a42b-c7dda404cedf,72,150396.08,3,13028.53,4,0
611f9ff9-6327-4783-bcb3-547908c512af,79,154250.66,9,22787.59,5,0
81e54fae-4190-4de6-b866-eed386deee32,40,56064.65,5,47900.26,9,2
13994b37-fc05-4d5e-93f9-c04d38c2229c,26,176262.11,5,20252.25,3,1
ecbe5ddd-430e-48e0-9db1-f2682c2f0d57,29,148686.33,4,42070.18,1,1
2d825c38-c499-46a0-bfe6-aa6ec1d7a8d7,18,121295.05,4,9832.76,9,2
ad6e0ac9-76c4-420a-8404-73778446d28c,75,104875.84,1,33786.79,8,0
a0358689-eaaf-4cea-bc7d-846780d2cd05,18,117781.91,7,48861.84,9,0
3231d889-3d8b-40b5-8341-37ebee9684e2,51,48664.23,9,5543.71,6,4
7e859fda-ca67-4b11-a7d5-bbf3579f55cb,65,56666.22,3,911.84,3,3
57e1a6a2-fd35-4354-a43d-8b24c60f9146,18,36409.61,2,21962.35,2,1
b70fcfb5-d17d-4dfe-b69d-c83c476bc9fc,33,47658.45,3,5084.96,9,1
30396c87-7eab-476a-bbdc-f276373a0ce5,78,101664.85,1,37545.03,2,1
a868fedf-5605-4c30-9809-bd65dbe39d6a,81,115463.79,6,45770.16,8,3
376e5231-16d2-4369-a8b2-938f906dfbc4,80,23215.14,7,21984.04,4,4
8a116270-c65c-4981-8289-474f6be8f19e,86,163423.61,2,13306.23,2,3
2be28726-2cb0-4243-9fec-50ef025dcd48,39,72950.24,8,22002.96,4,0
ca047ebd-2b3c-4030-8691-d778eb5133c4,84,184130.49,6,36310.67,1,0
753e9a8b-88ce-463f-8d05-88508ce4a5e7,43,194152.03,4,948.18,3,1
b0c070a7-ff4c-4ffe-b6f4-bbc4b28e30ac,33,53382.6,5,29677.97,9,2
543cfc41-422e-4f37-9908-db8aaca6d4a6,68,103177.51,8,30857.94,1,1
9bc6cbe8-dcfe-4860-a8fc-74bd9422c95f,74,20221.73,3,32065.57,1,2
09c9e8bb-48fb-467f-bbff-e0d2e1972804,46,127698.91,3,12480.09,7,3
3128ca0e-d3d6-42f5-9063-134c30337293,86,129315.16,4,35845.61,0,0
7b41c534-90f7-46e2-acd9-da9308fc794b,64,64557.19,1,5023.88,6,2
9bb6570a-c2b6-4b0f-8c86-75607ffb2603,79,120514.28,9,10363.88,4,3
35f6c5ff-53a4-479b-bbdf-472c27799899,86,60597.23,8,43934.77,7,0
efef8296-d63b-4d8c-9d76-8cd5d7e36a6f,33,48948.58,8,37066.8,0,2
148c1360-dd59-4bd9-89e4-de52c5fcf837,65,137273.5,6,1180.4,6,1
07a3ae9a-c8f6-42d7-8e68-7bfd3db61f77,56,78666.58,7,12794.62,4,1
bbbfdac6-3f6f-41a9-8095-ce674aa82099,50,126247.51,6,11113.12,3,1
28a50646-7fa1-4e29-a77c-f7f56eb4d680,40,97984.41,9,13904.91,6,3
148fcce3-91e0-4790-a6ec-43ab47619e8f,27,197183.25,3,12754.21,9,1
4930c15a-1ec2-41e6-abcd-f3d174a9f674,86,46924.52,3,3595.05,1,4
228c8cfd-c6e4-4516-9b1c-4a46473a55a8,51,103627.75,3,23217.56,0,0
242a2c16-ca43-4a72-84dc-81ac8e1d9437,69,142482.19,3,36770.31,0,3
044fbdce-4ca9-41d8-9817-c535e9ba267e,27,91198.12,9,30533.22,0,1
901284eb-d864-4dea-99dd-23d8aba6dae9,36,195445.97,4,33807.15,4,0
7f13378a-163a-427b-bc26-dbb4057d0986,75,149939.77,7,4516.88,9,2
04b070e3-e615-4cfd-a725-54d016c82b13,18,138257.09,9,47598.79,6,1
fe97dad8-9686-4bb8-bb3f-172e007ac2ac,86,156270.67,7,42005.35,1,0
43efcacb-df9f-466d-b4a1-300057aed5bb,21,191476.75,9,40351.97,9,4
87d03641-bd82-4bbd-99e4-68e33d33b1ae,33,183407.36,3,41237.7,7,2
8e5ce4f9-bfa7-4a8b-880a-42e60d55d6f5,41,150371.36,4,46669.17,3,4
7baf7965-dbc1-4271-ae15-3cff7990fe01,19,154849.1,8,27440.57,2,0
ee26000c-4013-45d9-b69e-8e44c7b6e3b9,49,46265.97,6,10413.96,9,4
3974b71c-eb21-4562-b3ee-ee706aae63c7,41,38502.63,5,31030.79,7,0
85fb50c0-c46a-4025-b14a-6915e60ac940,29,122762.81,4,37272.63,1,0
dd0fa1c0-bdb2-4fb3-8414-3b52382e5c24,67,23306.17,8,37026.91,2,4
7625a706-5712-4e94-aefc-d978fb9155d6,52,106824.15,1,26311.73,2,0
90442553-99a5-405f-9f72-3cb32c6e73b3,50,57862.92,9,3888.71,9,1
26af2990-ab05-48b1-bf83-93307450fc3c,50,82282.98,1,18870.09,0,0
c1d5bffb-27ff-4407-899b-09c4943abfbb,78,159644.85,8,46077.95,5,3
ade65113-4bfa-4d27-b03f-f71425de04fc,68,189422.75,4,29430.22,1,0
f455e580-0a71-4a71-9c7e-2d6d8b16bc2d,60,33034.93,9,27147.43,0,3
603424e1-cadb-41b1-9182-949e7c8e4280,29,116163.6,5,13808.25,1,0
830783d9-4c4f-4a63-96ba-289f93de6f13,84,178856.03,3,18738.22,5,0
78c4f323-95f1-4d2c-b43a-35897fefb736,82,34851.54,9,44819.63,3,4
c192a6ee-1ea4-4f6b-8467-5bc7b7c093ca,50,168412.53,9,33489.92,5,1
1c085a9d-1eb2-4fe5-9f30-af75ee6d8332,57,84404.24,4,39475.66,8,1
17049afe-5f27-479b-a3fc-5aebff7c14b9,60,77977.05,4,22990.1,9,2
01fff2b7-2612-40cb-92a7-4595a68cf1ce,61,195943.95,8,31697.24,9,4
688346d4-d191-49a4-8594-30452a70bb25,46,56154.64,2,12794.99,7,4
8a27c5e5-9ccb-4d8b-8329-72c8a6e7cda1,30,144774.91,9,35420.31,0,1
81d61a73-6b84-4405-acf8-4e4d4c7853a3,29,167859.33,6,21666.27,7,4
d2a0701a-9c7d-47ed-9959-e5a528b3a0ba,63,27413.03,9,22406.0,8,1
cfb8f8a1-54f3-4376-9394-19af701db7d4,19,140669.38,8,32641.46,5,4
98988b99-7807-4f22-9289-a9d7d22a0c37,52,191279.0,7,46845.89,9,0
8dfe2713-126d-4002-9460-9e6a80bdaa38,25,42359.59,1,3668.31,4,1
80d97c5a-f338-44e9-8a0a-e12dee70d561,43,181319.83,3,41324.79,5,1
40b90a62-314e-4341-8fc3-30e34a1fbed5,51,127059.79,2,14972.96,5,3
10598d30-d924-4500-bb6c-6edb06245177,24,130988.82,5,22474.01,8,4
8919accb-706f-4037-9d9c-6968c81d75b9,85,130329.95,5,1584.71,3,4
d318949d-3b70-4d1a-9728-0bfc7cd892f8,75,73790.46,5,15401.78,1,1
6bb5f280-c50c-4d0a-b704-8d2df6d12cc4,46,188336.33,4,25380.25,8,0
47b0f090-e745-40b9-864b-e2be0d463a37,53,190523.08,5,3280.72,1,0
173b73e2-946d-4227-bc42-2ee7ba7c63a6,38,132554.84,3,24809.24,9,0
f96218e7-4b61-4875-ba9b-36cd440bba29,53,161016.09,1,46391.98,8,4
c5f14518-3d9c-404b-b01f-87712d23caf8,27,130206.44,5,5716.96,1,3
9a821029-d08d-4607-915e-26ed098086c5,41,107191.72,9,38339.82,7,1
2b8aa8e9-2578-4ee5-86d3-420bdee6e80d,81,138947.62,9,20778.72,8,2
668d74f7-9b2c-4485-a68d-40900138266a,66,119540.26,4,32931.1,9,3
383e9e73-baf3-4c2d-a3a8-440f035c5913,53,127545.66,3,13381.71,8,2
02d977c7-690d-4a7e-adb5-c7674e890867,41,161089.86,1,8394.87,9,3
f382ab24-9419-4f9a-95e4-d4d766577e11,40,106562.69,2,8442.9,8,0
aa00caad-ca53-4a4e-b8ce-567945dc4e07,79,27335.74,8,3989.35,1,4
1c91da7d-5042-4b91-807f-77aba30b7501,54,49519.91,1,9689.51,3,2
76cd4043-5c9d-4aa9-8960-3bada0eef9e2,29,98949.3,8,33378.86,6,3
a5b93fc5-26ec-4f5b-8547-4e8a288a65f5,72,150468.78,7,44143.69,1,4
1c0096cb-48c5-4585-b171-e8d781c9f364,30,126790.16,8,40799.22,0,2
c77088da-d9c6-486c-b9c8-3010d3b23d3e,40,137052.95,6,34414.15,2,1
95d8b69e-f534-419f-b136-31499237850a,47,106270.21,9,5966.38,3,3
1c56c3b5-a9e7-4fee-8da3-ba94c635bbfe,34,130833.56,3,14814.78,7,1
fe2aad71-32ca-4a46-9746-7bedd3d29742,79,79223.14,4,15835.44,5,0
0614c9a2-7c81-48e3-90f2-eac15571d196,30,104632.87,6,12872.87,1,1
b8c4cb85-b199-4868-bb8e-7c78a3a32b5b,76,153970.23,8,25992.78,8,1
300a728c-b6ed-444f-8a33-b37881e14340,36,176929.9,5,27009.91,1,3
8fa70f01-3a24-41bc-869d-c5e1d109c956,66,98057.96,3,18165.86,4,0
e0886f1b-c37a-4312-8f64-71ea66fb6097,29,27859.1,6,18012.56,3,1
68259424-6f3c-46e3-9013-69deaf921293,78,49101.06,4,41513.5,6,4
948bf8e5-9f96-4187-b037-78074f3886c0,36,23755.01,9,39570.0,7,2
0e17f30b-b616-4ea1-811d-4cbacebd93b4,26,137587.34,3,15735.89,4,1
d8bc754e-e335-4059-8f7f-aeecd01303fb,88,79816.63,4,45732.53,9,0
96673ef0-dbb3-457e-9f8a-95eb67c0aa21,45,117646.15,7,47664.34,4,1
34d25111-1eff-49fb-b929-12fdcba65e53,69,108789.83,7,16673.76,1,2
a78182b4-00a2-4eaf-9dde-7c26c79c854c,33,34674.77,4,18044.03,7,0
7b2cc4c2-1626-49f9-8abd-c82131ed5449,86,92587.05,6,25528.89,1,3
a4aa132d-f55f-41af-a738-443a6a5a7099,29,59701.0,3,47085.48,9,0
62a2dbc0-a00a-4b4a-b94b-0284777619d5,42,95311.96,6,43877.81,5,3
14364f01-1170-4b89-905d-27c301975d52,69,56644.09,2,5577.11,7,0
a9333830-4ee3-44ce-ac88-738d5dc7d43f,70,171281.43,8,19940.17,5,2
f6823e0d-d341-46e0-85cd-5f252b4cd953,40,51354.8,2,27891.87,3,2
2988afd1-63bb-459f-98d5-c78cb3d8ff4a,33,192940.5,7,25405.06,3,0
7eabc862-6656-4710-b6ca-34a18bc78e8d,74,94863.33,9,10096.22,5,1
0bd043d1-e90b-4eaf-b7cd-16c3a7e8f9e7,56,172324.15,1,43011.43,3,2
bd8d6011-6900-403a-942c-8076377ae2ea,70,133177.67,8,34008.57,7,3
8e6f5826-8130-4550-9c37-dc2a403c15c6,59,152363.05,7,41976.46,8,3
2a7c3028-a190-4298-835b-e7e4c05a1dbc,75,158190.3,6,43008.83,0,4
466a443c-d96f-4c51-9f60-9dc883d0d202,56,110872.08,6,37543.61,3,3
bb29826f-4c28-4ed2-a82a-5d916f47ae88,31,117794.09,6,22240.92,3,4
dca8505e-4476-4bbd-806c-5b7c916aeba7,22,112519.26,9,30722.06,1,0
2cca51a9-3d21-4ebb-a1ee-a1d5d20b6bfd,52,125850.51,2,8438.09,5,0
fe7b358d-fbe5-4e76-92ba-3f668b33580e,35,25291.0,1,33845.45,2,0
a0f5d699-9adb-4a88-8c87-7e21e201c838,26,91192.73,6,9373.04,6,1
80f4f769-88b8-4f4a-866e-95676be6a7a8,75,129113.97,8,34850.5,4,1
62d510a6-1d96-488f-a2d5-c7ec21d0698a,34,127590.24,3,11865.11,3,4
49b1a5f8-1df3-4a4f-9ee5-d8513724a39d,24,162732.1,1,6318.79,4,3
66b78897-df5c-460b-8ed5-d99bea90d183,63,137901.68,9,8681.58,7,3
fc0b6f68-bbb9-4180-aad5-7bf3562238fb,30,198584.0,1,598.61,2,0
1705fb2f-e558-4f67-929d-ac81d0f99dfe,57,71093.82,3,36077.61,6,2
4be09cb4-6c8f-491d-91f9-1d702fe2b28f,59,84647.19,8,36753.85,5,1
03733032-37ab-42b6-81c7-630cda6efb79,26,89092.49,3,25989.2,0,1
d2c58e0b-e319-4443-9b96-6252449e818d,67,103846.31,4,8487.46,6,0
13f62ce1-c7b9-494d-8dd5-51491fc75e48,44,170479.65,8,4635.94,6,1
8859b8e8-037f-44d9-97d6-be4179e5dd00,83,62442.58,1,1446.88,0,0
9ae48f0e-0845-4ebb-aabe-b61c66fef414,22,159680.04,6,8704.53,8,4
0fe07bb5-d4c1-4427-81fe-b8843e8244ac,46,92955.83,1,44597.35,5,3
902f8b63-44fb-4e40-96a2-2e38168d2e6a,54,128333.97,1,12456.07,1,2
32dcdd47-6fa8-4a1d-bdc4-448e3a5fafae,55,133857.3,8,18036.43,4,3
6e154751-0c1f-4336-956c-277c91e576d7,25,87112.75,4,5714.6,3,3
0329a633-5ee1-4eab-b77c-7d6436f2cc1d,82,112270.74,1,11506.88,6,4
a653cbf5-73d8-4d0b-bcf8-f96c94300a05,34,94345.61,7,26201.62,7,1
d6cfcfac-1a7b-4b60-baa4-9bb65141734e,88,32443.9,5,30583.76,0,2
e9f2bf39-3fb7-47c4-a21f-b4c6bf8c3a16,62,98689.77,5,12644.94,4,1
725b7939-d7ed-4192-b528-e42d862ce640,21,37530.81,1,3357.74,2,3
0f5caf30-f79c-49a9-a431-002d8bc7da6c,53,92903.74,6,19856.13,0,0
fd21b227-d098-426e-86b6-d53088b770fb,87,126725.31,9,12093.07,2,3
c1fc4caa-2095-4bcb-ba1c-08e62446bf3e,48,124294.68,9,11367.92,5,1
ed7b64d3-a47d-4b0f-9d59-c583dc58b638,36,139271.83,8,48013.21,6,3
57282a04-396f-49ba-bdec-0ad15d202609,78,37147.07,5,31006.87,7,0
50207038-25d6-458e-ba41-f8819ca39e7f,71,137382.18,1,28065.48,3,4
8155f0fb-3d6c-48d8-ac3d-5260c38e45cf,56,76186.65,9,21080.87,2,1
3a6ca80d-401b-43e2-a38e-6e2660f30e04,36,91828.27,1,21732.74,4,3
96ecae73-7681-4470-b255-2387044b3090,56,174437.53,8,27274.8,8,1
e7225c23-969d-483b-9b3c-dd45ffc209d6,84,21625.47,5,34973.28,5,4
6542f301-9e7c-4913-9793-065ae2ddf374,62,125914.27,3,35256.23,8,3
8b2f1a0a-2a36-4f0b-8136-8fd83d4e456b,30,127768.52,7,8998.85,5,3
bb49a84b-a84e-4cc2-b158-785875e9b99a,75,91398.76,7,25255.58,1,1
f856e3f5-3c9a-4d83-b99c-d302c5ee3d63,37,62665.01,9,20891.93,4,1
fd5a1aa9-42d9-4536-a1dd-a145ae40bd73,89,62241.33,7,43591.08,8,0
95007862-5d4b-468b-baee-91f8ef633253,78,179067.74,3,31755.24,7,4
47bd4c83-1f8f-446a-a86d-d3553b88f017,56,99564.39,1,26858.95,6,0
a6b5be0e-58ca-492f-8cb6-9eb766816e4a,18,79560.09,8,6212.03,0,3
7fea5b96-332d-4080-9476-57446ba549db,20,100779.96,3,30479.08,3,1
88288f14-d50c-414f-acca-40a81dccadda,79,140490.27,8,6301.59,6,3
b511b151-2f03-411c-9a1c-d442a15f314b,80,46236.18,8,17191.73,6,3
fd8919bf-703d-4e67-beec-aa2296a422e1,42,100898.09,5,7570.68,5,2
eb965479-2141-4697-9a67-8d7f539aca44,73,125819.19,1,34757.65,7,2
4b60a564-a1ae-4bc2-a996-f435263121da,50,190745.0,7,10709.48,5,3
f8a6287a-9f32-4c14-9e38-372eddaa5aa0,55,65455.0,5,19897.04,9,1
f727c166-6469-4cee-9a2d-93692dcef338,23,84665.13,8,44835.9,2,3
8b0b7ed9-b862-470e-9a42-63f6f5b8d4e8,75,88284.55,9,10613.66,3,2
c692f4e5-3c3c-465b-9d2b-2047ce503d2a,61,128996.87,7,25636.35,2,1
c8756958-84e5-44d3-a56e-31b168edca3b,62,84211.77,7,21253.95,0,3
9f4cfae2-11ed-4967-91d9-28c505ef4f81,49,116032.15,1,1397.14,9,4
2c585501-0b75-4cf0-b0f8-07629226e9e5,62,160722.26,4,39741.53,4,4
48949e33-9cdb-4bfd-9280-63a6c8a46b56,78,146969.41,2,3917.77,0,3
95cf1f35-807a-40ef-a369-ad5cf2ef9d54,64,100346.36,2,23975.62,0,1
e14a2d56-7e3c-4030-81cc-8be0652593f8,38,175558.91,2,28253.58,1,3
06689198-f8d6-4604-a109-2e84b299248d,53,120465.24,4,31607.11,3,3
b0b450c2-5ac9-49ad-a0fa-5de6706d0dc0,36,117183.05,1,34587.27,5,2
4e15cb18-6cde-4d50-8121-187d0f327119,37,26153.8,4,13036.98,7,4
6d225f17-167b-4c05-9b00-6c1328cc2d47,74,197604.74,2,993.95,2,2
a754f656-376a-4af1-8f93-5f1fa5532e31,35,42134.75,5,36310.46,0,2
8c3502f3-1f3e-485d-af83-fdbbd7da5444,64,61603.56,3,27015.0,2,3
836e698b-e4a3-4732-8102-b7dbfe358671,66,29305.43,8,41887.83,2,2
ab939c45-2ae5-434a-ae01-7e08303a96c0,31,135200.53,4,41158.72,4,4
fc3e95cf-10e1-4583-bf47-7d4fe7356f56,32,60446.21,1,42244.65,3,2
742af8c6-a7be-4de1-827b-7e3674af675e,48,52401.88,1,24512.19,3,4
608b7a28-0628-473b-9032-bb6be802eaa6,18,35940.01,3,17014.61,8,2
bd608eb0-8edd-4c04-9a15-28f89efe8eca,71,38595.61,9,39682.13,6,4
ab3a1824-77c9-4082-973b-5870636312a8,20,125240.73,7,22839.06,3,2
70e92f36-5f44-4548-88da-3e2cd30135eb,33,143877.42,2,9580.39,2,2
191dbda2-1428-44f0-98b5-3e039fee815e,74,91528.22,9,42821.21,5,1
3819b02f-d5f2-4afa-a353-f11060247c87,29,106381.47,2,44186.71,2,4
43140fb2-97f5-4d2a-ae96-dcee175894e5,33,143474.19,3,23582.33,5,4
0491b4ad-9f6c-41b8-9afa-3dc300ce13ed,89,23128.36,2,4247.14,8,4
df73ff24-6668-4e7b-a751-0dcb77b96e88,41,78163.52,3,19697.39,5,0
a2ebcd74-fd09-4ef0-a48c-27f0d5f325aa,45,195157.59,6,40275.11,3,2
aff2a232-870f-44a2-b878-d1d1ae976a81,25,124420.2,9,45137.81,4,4
7c42a4f1-005b-425d-a4e8-365a1f597caa,53,65760.42,9,10571.9,5,0
f79c7585-457c-4d3b-9e71-6c5b79aff63d,25,113911.41,7,3815.19,2,1
01e5cf07-db43-439e-b47e-f6043381890d,75,81677.63,3,43928.85,7,4
900747b0-c231-48bc-9b68-b5cd16d2aa4a,77,115804.1,4,19775.54,3,4
a65184ea-bab3-49f8-a1a1-1e291241021a,67,42633.47,6,27317.17,7,0
6a2aead6-33b5-4aae-8ad5-544443e147c7,45,43888.64,5,48419.26,9,2
332c5841-d8dd-4c91-a0c8-21483011a890,58,45837.63,2,3794.95,9,1
2283e8df-f33c-416b-af60-a21b161e21fe,81,189167.56,6,32591.74,2,4
15f65540-7e7b-4c3e-bf92-57d2330290fe,44,151921.81,3,4168.22,9,2
9c5261e2-ed4d-4870-9758-9d9ec477ce95,80,49228.74,8,19085.71,6,1
59e09306-78d9-4cf4-a3aa-b40c84a41f82,34,53902.84,2,40288.82,8,3
e9067839-8203-421d-8709-d41dbebf4493,50,151549.31,1,21956.88,3,3
853aae50-0a65-4d44-90c5-2a05d1504532,46,48109.49,9,49860.53,7,1
746fea66-593b-4c86-b5c8-50dcde5778ca,30,62221.03,3,28173.43,2,0
3dd2d778-76c7-45a4-b946-c4617e131e2c,63,193402.43,1,16397.53,6,1
e1bde2bf-6ab2-490a-bd59-21975c955715,52,65955.17,7,11395.51,2,1
a70e753e-11af-43cb-a68e-e88a09a9621b,23,139093.82,5,17850.77,6,0
7f2b20ea-4577-451b-a099-949843204215,86,196153.63,5,18940.4,9,0
01d954d9-fc5b-4100-9e65-d2f0a1a789b7,64,87373.42,1,3901.33,9,2
643bb26b-d117-4950-8c19-5507f77a01c5,42,23152.88,9,18793.92,5,2
16425ff2-25ca-419d-92d4-3e8ce4462531,83,63946.51,7,23479.81,1,0
5380599c-5f83-416e-807e-c8ea2ca518c3,27,169557.89,8,36275.52,2,3
d981f57f-eca6-435b-b635-a1bdac0b7aab,73,175629.59,9,33008.11,5,3
93b31a85-311d-44cc-9f51-60a4369f2bc4,47,158333.49,6,35583.9,3,1
811e622f-cb77-423e-8edc-ae3549399091,22,40359.77,5,914.0,5,4
82d45a9f-451f-41cd-8351-c6ae0d4ae515,50,163191.87,6,11274.54,0,1
9e2e1f76-ae6e-44a7-ad6b-0b8b2d05c6a8,82,185362.0,2,33253.37,9,1
4944e0c1-4e60-4224-9a54-97ccdc146fae,35,128109.72,4,24457.47,0,4
64f8f5ae-6313-4790-95d6-8375cbcf7152,66,189357.56,3,763.02,2,0
5316c534-d4fd-41da-85d5-8842c16fe084,28,168831.0,7,40322.48,7,3
77871628-ae8c-4d90-b161-9fd6d26ab04f,43,140054.87,9,38754.07,7,1
52814659-cda1-43e7-8575-50f5c9da431a,80,123893.34,5,27646.75,3,4
465bf5bc-7c54-4314-81f9-158430abbf04,76,82743.26,6,3789.93,5,2
be6dd7e5-0357-4715-a970-9281231fd334,44,48671.74,2,38442.49,7,1
77e4dc5a-49b1-4e51-8500-7a6ea31ec033,66,128891.71,3,29393.82,6,3
11f2dbc4-73ab-42ea-9773-0271c39796ab,50,77260.08,3,39207.02,6,0
3cf804f7-e2ca-4c3c-ab81-f885e90215d0,18,175958.96,9,37711.48,3,1
c828c874-8d7a-4952-9516-aafdabfaaf7f,38,198800.65,7,40248.6,8,1
8c340d92-5eaf-4a08-87bc-8fc9c151ea1a,72,155437.0,8,26141.4,9,4
efd1ee53-4c4a-40b5-8e67-c215c4374012,23,36286.71,9,7446.06,5,2
1d2a1540-5e9b-478e-b569-2a3f312071e4,86,71963.41,6,33722.29,2,2
f8d5aca1-3c83-42c1-8a7e-38a9723ef671,22,39639.73,4,31213.45,4,0
20467b3a-7108-4ffe-b130-55d6d2904de5,20,137092.1,1,37241.53,4,3
ec18daff-164c-4483-b7d8-0342af9e17d5,70,157734.36,8,8909.11,4,0
6ca1181f-7d8a-4637-888f-40e8c21a8135,40,186621.47,7,10151.27,7,1
fe259f46-0562-4cb1-a6e9-636e35045425,70,98871.02,2,44575.27,8,1
2a2432ff-3858-411f-87eb-204cb1949cb3,54,182247.62,8,37623.9,8,2
cc0fc08a-9c94-4739-bc01-2a5abc9aa390,34,178020.41,5,45457.31,5,3
163538fd-f291-441e-ba40-c1a2e37df49f,18,77095.23,7,38056.41,5,4
281e7e47-1238-423f-8a94-564684ee0f3f,68,176402.11,4,30059.19,8,3
4511b8d3-087c-4429-8810-e8df0c5b6106,62,87621.01,5,32879.57,3,1
842398ee-1976-47ae-926f-789a7468d953,21,73436.47,8,44511.83,5,4
e9ea4767-93fa-454e-861b-fde2678dae1b,79,136833.44,1,29150.93,3,3
d4d947cd-d4f8-4ec3-ae41-372942c5f86f,82,79108.62,1,31803.37,0,3
65e568d4-e0ac-4246-aa6c-059c6faf3a2d,49,133437.57,4,8245.6,6,4
6c62513b-d5c2-4ee8-8133-ab21ac6bffa4,51,129769.72,3,23959.1,9,1
0eec5943-b2f3-4f18-9714-2b15babb7be4,89,121419.01,2,35961.66,5,3
e64b17fb-4b1f-45a8-a8e9-90e373ce75e4,56,88475.55,3,13911.66,8,4
5efa4ab2-1855-42ce-aaf1-079219a712be,43,118729.95,1,10511.58,6,1
bae79b9a-cddb-4cb5-bcd1-327a4c946433,51,127367.39,1,16034.43,6,4
2fc75fee-f17a-4df4-9de5-b16b020ccd46,71,118223.64,6,12454.28,1,4
5b49e174-6829-4297-89a6-26f7195f84b7,20,99995.5,5,11138.18,8,3
75687840-8296-4dbd-80bf-811d48c08006,67,22640.07,8,21530.12,9,1
43b2e3d8-28a2-4261-9b5b-d345fa7b441e,29,125671.11,2,45438.01,8,3
c50e6e26-686a-43d1-9689-31a2c4a5ce48,82,50319.99,4,25599.45,5,0
3cf295da-b0e9-4d48-9de4-f6739289887e,71,135663.67,8,9802.06,2,0
20023f6b-c74e-431b-947e-bd4eb1f074ea,22,156681.98,6,4310.1,0,1
92564b77-d500-48a8-bbea-24692b1b1c8b,74,110080.16,1,34959.73,3,4
c11c8a1f-038e-4c82-8c58-9b73e7e88df0,34,117625.46,4,19448.54,2,3
8e8621b0-ed78-4aed-b1e5-75a6ace9a00e,64,191266.14,1,41180.63,0,3
4a1129b6-138e-4a4c-b21f-a579f828ba3c,40,172490.13,2,33145.78,2,1
c6ab233e-23d5-4e89-ba9e-c246abfa0a79,31,184562.57,5,39913.95,3,1
bfe1e495-5b35-4c83-8f07-7fe947a1bb7a,83,166477.93,8,13961.33,7,0
54850307-be5f-43f1-9578-4a80774886ab,68,39605.3,8,34771.77,8,2
62b0179e-2ef7-47ce-aa12-0b47100fe9b5,55,46818.53,3,13571.07,2,1
455017f1-3fd1-4100-a079-ace4cf8ca187,81,114792.28,4,46983.89,5,2
f184f23e-787a-4bc1-9f11-d2c8f6f3c287,55,64292.54,6,32000.53,9,1
6ede85bc-92d1-475b-8f36-871b7f6fe5fc,67,105805.19,3,16563.33,4,4
ac907b98-c3fc-4903-82b7-7aedb191a975,47,90985.76,2,13840.84,5,4
4d45ca93-6b67-4add-a51c-02aa167baa67,68,118894.56,6,9950.87,3,0
a8b4e58d-4063-4592-aad5-58c57ef307b2,80,154437.63,5,34884.73,9,0
2a607bbc-dcb5-40c5-bc46-e8874a07c9a6,69,148788.36,5,11326.42,5,2
232ed971-648e-488a-98bf-29b565bea5a8,55,113822.14,5,29967.51,6,1
56d32766-8f99-4f06-b7e5-3f2be372fc9a,47,168030.82,5,13599.43,8,3
3a363c85-e891-4801-9d58-1d9456f8988d,68,97555.18,3,33267.46,9,0
9bfe0212-ee39-41e9-898b-0a6e8c64a5c3,22,181408.57,7,40839.52,6,3
f90071ad-eacd-4d64-be47-afebb16a786a,46,32830.45,6,39012.25,5,3
87dae506-f7cf-47cd-ad49-82863f0758b1,21,191838.81,4,38162.14,0,1
08fe518d-4e22-45e5-8781-ab24e7437fe3,27,137844.75,2,9792.26,1,2
33c94afd-942f-402f-b055-e9ccfb997a4b,73,88413.41,9,4875.05,0,1
29b3dc8d-8881-4fe8-abb6-2be7989b6368,34,55487.74,1,35097.97,8,0
96da3237-12d1-4c0c-bc7e-28be1006f0ff,34,106252.98,4,18733.19,9,3
eff90483-ae96-4c32-ad96-c82e344a7202,86,55020.5,1,21901.14,9,1
c8690b47-afd2-4ac0-ba58-b027b56e96f6,51,49939.69,6,2041.88,8,1
19ca5ceb-6c42-4596-98db-1101f28bfb25,23,131123.32,4,13349.03,6,1
13418816-7319-4933-b1b3-c8de1c5391e1,70,114155.25,5,2166.98,1,0
d72a3fa2-f949-44c9-a4f3-a79b15322d14,83,140617.29,5,44019.7,5,2
cf54fa6d-48ab-4950-aedd-a3689ff69a78,60,187329.06,9,12548.14,3,1
307322e7-a6ca-46a0-a3de-b320efc6d3c1,40,115806.84,1,28088.19,0,0
86d82ea1-e806-4ac8-bd59-50be068d9e59,72,124567.77,2,2429.48,0,3
5e665f24-165b-4a31-b592-7600d82725ce,33,36132.74,6,33508.95,4,4
8225304f-ab4c-4657-8205-12731385b2fa,25,149174.44,5,16489.85,1,0
3b46ccd0-aec6-4409-b016-bac8ed2f0e91,21,91982.94,7,44947.0,3,4
9d4877ba-58e5-4565-aefc-51888762f657,21,195810.54,3,44461.85,0,1
156a74b3-4e09-4e8d-ab11-8299182f1232,73,168171.32,3,16601.89,3,1
af48acbd-89d2-4163-a929-1c0980c69556,42,114046.59,2,45097.56,5,0
13051547-9c12-4d5c-9125-584571988fcd,84,42180.08,3,49809.8,9,4
e90aac5e-91fa-4c3e-873d-71b10f4d147f,84,174694.84,1,41358.08,3,1
8d506ced-1048-4b3f-a96d-ce1384194f25,44,163960.6,5,42321.13,0,3
9b7209d8-f311-4174-8794-c0bd257f3632,49,53225.32,5,12825.93,6,2
e493adc3-00b0-48e2-b291-c497c6950059,67,73150.09,7,29046.77,1,2
755ae0f4-6a7d-4f13-8006-f163aac72ca0,78,162813.31,4,3829.17,8,1
4457ae2f-c7c8-42b8-9f8f-da7189b07ec2,68,53341.12,3,5198.44,2,4
44b77a36-e8d3-4289-99cf-77b6f476ed03,36,185195.45,1,49945.18,7,1
fc50ad3b-5c7d-4acf-87fb-a6838e0c9ea8,38,96414.94,8,16668.64,7,4
1bc7b5e2-7d25-4833-8311-16df2a7197ab,22,35667.01,3,37535.1,2,3
604862a4-bfaa-4991-a47d-a7392bc3dd96,59,166834.76,2,40429.92,3,4
f5e8a9a6-0995-4485-801d-502928a8311f,78,87231.74,4,42972.15,1,1
ca4645be-7d53-4be3-987c-3105d82300db,39,114769.85,3,49882.6,3,3
bd9f08f3-bd93-4401-985a-2debc608addc,38,40214.78,1,12454.08,8,0
a3851e0e-d556-4027-882d-69440f4f4244,87,20465.12,3,2497.37,1,2
b1dbd30e-dab9-4281-b96c-37fe349e5905,18,134837.34,2,20853.98,2,1
5fff08b8-5713-490c-82ff-10f9d80914cd,22,112731.53,8,6938.99,3,1
c1d372db-1a6e-43be-84b5-1d466f01c2ab,29,126836.94,6,1610.08,4,1
abd7d89a-1cf3-4e00-bb5f-c2abab00b632,63,162873.89,9,18341.13,0,3
817b32c6-0e04-4379-b6a1-202505e37404,51,136389.06,8,39295.04,6,0
29bf9b1a-0251-405b-a369-3e93d73c2328,66,51459.22,3,28525.94,9,4
f23ae39f-d95a-47a9-bc78-e0ba4d782cda,62,84939.05,5,15982.51,6,0
c878a5c5-e7dd-4cca-a77b-3b41cf05e0af,44,183060.4,7,32889.93,8,3
d4cee0fe-8f4f-4115-b717-bdfe60d585a1,43,158590.05,5,11984.9,3,1
dc303045-c59a-40d1-959e-c28f5efaf2f9,64,120194.67,8,1211.88,5,2
5499d63d-894c-42e3-9cd9-285a026171f5,73,66016.1,5,38335.49,1,1
91d28731-ddea-471d-ad46-fb00d160f2a1,80,74370.89,1,31375.28,3,4
e364deaf-aba8-4816-8454-4dbb02f45ef2,65,151752.45,5,38233.98,1,2
6c8f32e7-106d-44db-ae17-8f3c099e9fb8,78,173211.37,4,2427.43,9,1
beb68930-c153-4d20-8b86-ce0c10dd31dd,43,140856.44,6,41937.42,4,2
f9d70a51-eafb-4182-82eb-afb8cec546b0,53,165715.4,3,31166.55,6,0
97fb652a-7436-4eea-a5fd-8e06655ada7c,18,157998.1,5,28388.07,0,3
cd8e7556-7dab-4ce8-b146-83b4802f137d,25,46946.71,2,31418.4,9,1
b673b583-42d6-4e0e-9ed3-2d48a71f51a9,69,96310.07,6,43289.45,9,4
5efd3b72-1a23-4c6c-aae8-fd13e5572923,64,47537.08,6,29553.36,6,0
ccaac917-171f-4767-a299-1c4724151cca,73,62342.41,5,29257.04,9,1
868cda1e-12bf-4352-8d15-991b0b34354c,31,176466.73,6,49538.62,5,0
15d7d27f-1585-4fec-b74e-9b5053011075,45,105120.55,7,37958.14,5,4
2d1cd9ee-e0d1-4a6b-aaf1-d3052a41c959,19,116364.46,5,22393.54,7,1
fcce872d-a363-4aef-9932-37394863b6af,43,52120.27,1,35516.15,7,4
f4ace15d-4e69-4d61-ab37-3cf0d6407237,31,76208.92,8,19766.91,5,2
2449c0f0-d541-470d-985b-4166aacce0e6,76,61444.31,4,11829.34,2,4
88a3d263-ad38-4100-99d8-2e8b4cdd361b,73,57113.51,9,30044.17,4,2
778a60c1-ebeb-447c-ab61-bc7bda188513,24,134832.94,6,46445.01,1,1
495bf188-5e57-499c-847f-ab2122e5fea3,20,66239.09,1,46492.41,4,2
76c1f72a-921f-4c65-a7f7-2ed0edefda60,40,133762.79,3,17424.31,8,1
1cbfcf44-aa01-4cc2-a5f7-97797ac66fb4,35,30521.83,3,26620.03,9,1
f9f23e12-1e8a-40ff-8cd2-b756ce0622e9,55,45519.39,4,10975.98,0,3
0f1c0265-e9e0-40a7-a0dc-e25dbc626927,32,69417.25,6,49783.74,9,1
6d3e640b-71ce-42a6-b042-84bbe9b1979c,81,127468.45,7,49065.34,4,2
4a983583-597b-4cf9-b7d3-bcd8b22f2cd3,45,141651.42,4,32650.69,5,3
f14c11fe-076d-409e-b4d6-bda02dd98c31,56,99689.05,6,40318.5,6,3
3806c4ed-aba8-4013-93ab-7600c54bcfa4,74,100242.36,1,35897.46,8,1
cf324786-def9-4827-a65f-437ea9df88f1,34,150413.03,8,29861.33,5,4
9a92f4c2-3a0f-4554-a511-84b22ca33736,61,22847.8,7,3140.73,4,4
3c449875-f7ca-4135-b60c-6e24cfd8c9da,42,81396.2,9,23010.83,6,3
429c7839-4c21-4beb-9570-57d10f035dbe,34,167367.27,3,33901.92,0,1
aebcaad5-693e-437f-95b7-20e789df725a,30,128579.49,2,34037.81,4,4
67373d63-a574-4a1f-825f-f10713b48841,42,80700.88,1,18969.57,1,1
44d0ec85-1f9c-46a5-939e-729b32eba4d6,85,182994.46,3,47113.75,3,1
dcca2b19-7470-486e-991d-2a166792a74f,27,159072.09,5,8784.17,6,3
dca98541-088c-4bf8-8204-9c41b840510c,84,67681.18,2,25267.79,4,3
73cb477a-69b7-4089-9e70-38bed46b6e62,35,136152.17,3,34698.76,5,0
4258fd15-9acd-4f77-b1e7-aa57ab976d69,51,127235.13,4,35008.22,1,4
b5523c67-18ed-4026-b5b8-09d0a7d23929,25,92213.82,7,32607.63,2,4
863ee589-c280-4be7-b95a-7e9cda7d06c2,57,86052.09,3,14126.77,6,4
076eea93-fb60-4bbc-badd-d754f461ee9e,59,81840.89,9,8232.23,1,2
b039671d-4ec0-4bdf-bc6f-378aa86e57e2,58,131088.04,8,31979.05,5,1
c7d7e8a2-1ce2-453a-b247-a8faef0fd919,23,99633.79,4,30165.45,4,3
e0a9a264-d9e8-4da7-bd47-b02c1aef67a8,69,169735.36,1,9378.12,9,4
9bfa4355-ff64-4dfc-b58d-93b19ab1c144,43,140528.47,1,35404.39,0,0
c12384fe-8ccd-4b2b-8fe9-790678850454,81,32587.69,1,23031.01,9,4
b8097275-94e1-4b46-9e9b-1e795ccf11c7,76,135230.28,1,33554.15,3,1
d6d03870-96b4-4d9e-be58-129275dc1fc0,73,68806.54,8,41949.67,1,1
2f4cd5c2-5dcc-4ce8-8282-087d7916d926,76,126706.16,3,8901.56,3,3
02e41e38-63ef-4f01-9613-2934c11cd6cf,87,142423.75,6,1447.67,0,2
42d3f78f-e15c-4eb8-bca4-3d4f3c2f7be7,50,61549.25,3,39065.58,1,3
e7b03ab1-5019-483b-9a4c-63825e7f2d3a,70,102234.56,5,30680.02,7,4
4ff8e876-e3d7-40e5-add3-9d68d9a45f84,39,54258.48,7,35132.16,5,0
bbfa3109-8a6f-41f8-a40d-aa452f715551,38,29421.0,2,41988.67,1,3
a319797e-6838-4f2e-a3ea-68ac2afe3ac3,87,88125.76,6,40239.14,5,2
75ddfc0d-3a44-4ce4-ac1b-2336ef040cfd,87,85329.97,6,48065.55,9,3
52aeb622-44db-4df1-85d3-72cdbd51f645,21,199186.49,3,27028.79,8,1
d1fc234a-cf93-411e-a1e9-5bfdfdf99601,79,100343.42,6,24680.53,6,4
2cb45455-d151-4f7a-9b77-ef7f0010fdf4,79,80042.52,5,20393.42,8,4
5bea50d8-a86f-454a-94ad-57a25690a6c2,41,124485.5,2,8107.71,4,4
c72f9303-cae8-4183-b9cf-d8c078f8e7e8,72,35978.13,9,28844.06,6,4
cf810c6d-f72b-4c18-aed5-248f57fe8921,26,193099.83,8,14212.12,6,4
60662369-7011-4b16-9134-bcf2f2d70816,20,134292.81,3,46104.72,2,4
93a40b51-b4a8-4d45-81d8-5eae02fc3e9c,48,155870.81,8,29367.94,6,0
1b875e68-3d2e-4ed1-a61b-77299e7ecf91,57,50686.03,9,29845.59,0,2
ba5f77b8-a382-4867-8d7f-7242bf18c8f4,53,93706.01,3,18068.77,8,4
6aaaeafb-3449-467a-b001-8f3756675935,41,96084.04,3,3073.47,9,2
0ac8121e-9394-43e4-982a-38364d596e1b,23,167925.16,2,2071.32,5,4
364f6ea1-7945-4049-8adf-59d0bdf1185a,83,20222.6,8,21455.09,4,3
7f6303cd-464f-429d-96fa-01551e35bb17,21,74153.56,1,4685.99,6,4
1fda2b8a-5104-48ad-adda-53ccb032e022,23,196622.55,8,30538.92,4,1
d5480927-3a33-4b7e-840e-02f6567bd58e,68,105479.58,7,44108.16,9,0
90291724-b3c2-42e3-a66f-ab1bc20d74ea,79,88854.73,7,44204.28,4,3
aa3ef95b-cd34-4926-ae10-0ed251e21e34,74,41569.22,3,33122.75,9,3
d7f99180-54d2-4c55-9c3f-ca5bbda0352f,83,195349.63,1,10955.98,6,1
50aa8784-3e91-4909-8dbf-0416d555fc62,25,23604.74,4,43218.34,9,4
f67c583c-5224-4094-bd56-7b6fefd626a3,43,152692.44,9,44361.63,6,0
b0b7096f-dd38-4fd1-ac5a-5dea38f11224,68,158347.96,5,10234.35,2,3
3b9a8f06-89ae-46da-b1df-2f5c7b2001a0,62,63858.21,1,37002.59,2,0
09345598-4078-4924-9f20-d9928ef64521,61,140880.52,5,14682.72,9,3
9d90a33e-49f9-490f-9236-728aadfeb0bc,22,36727.25,8,40230.7,2,4
f8ef26d7-17b8-48f6-a49a-54bf03a970ea,87,66268.51,8,49863.28,5,3
da5cb66a-baaa-4c81-ab8c-8842b5ed4af9,43,161822.36,5,1986.29,5,3
bc5d6f7a-988d-4e9e-ba97-337d1d88a2af,85,175643.51,9,44919.61,2,2
ed9cfe09-dc1c-4c82-8d94-1ca9c35640fc,36,129527.55,1,31320.21,2,4
834a4b2c-497f-426a-ba93-f9342fa06c98,37,111230.92,4,48682.44,7,1
d10b2235-5533-416c-a1b8-fb6c11b7dbd3,29,48674.72,3,23517.97,7,1
5bafc136-99f0-4a78-88fa-7eb9b2962d68,64,31359.63,2,42445.7,6,4
8aef4d79-72b8-4b26-a5d9-1c6334fbbab4,18,41176.83,8,3588.51,9,1
05e37596-8e02-4694-b1f3-d64e18423acc,31,60924.31,7,17096.31,3,4
c111e1c0-8f9e-486a-a0b3-100a7588c63f,81,81501.41,9,3817.32,3,1
2843fac0-9994-4076-b4fa-d6b8af062e19,55,88563.71,2,48779.49,2,2
7130cfae-0596-4f6b-93c1-8b5be184249a,54,82337.92,4,40940.21,4,1
d5ee3d6c-8d83-48e9-93c0-e74411f5ea70,28,63029.96,6,42701.1,2,3
c651e583-7689-4471-b256-a68ff53f2a1e,20,111750.36,3,46929.28,7,4
62f3d928-be2d-47bb-b1ad-3901d2faab79,50,168551.5,8,4712.62,6,0
c96c0568-0d72-4ee5-94ce-1f9a3fd40462,23,70346.64,3,19587.08,2,0
0ea6e50b-6c65-42c2-a89c-c0f07e997163,67,189629.66,2,4016.23,8,4
83e09210-5eb8-42ed-a1e2-37a7bf866f51,27,177200.6,3,10934.26,4,2
75e73a7e-19c1-407c-a6b2-bc9d032f725d,22,49117.56,6,11853.61,8,1
9172c22e-c30c-4862-a297-111e2bf63606,40,161529.67,2,23720.81,6,2
78e677cd-c3f0-4fdb-b9ea-292135541925,27,123425.73,8,13793.83,6,0
b574a015-ead1-4e15-b293-300beebf293a,61,121983.57,1,5498.42,5,4
9c6ea82b-1a7e-43c0-9e74-bda883a180c8,19,90387.7,7,8790.81,1,4
a8f6690d-6488-4b36-814d-1225d2b979db,30,110207.54,2,7790.14,8,2
dd9f4b05-a8f2-40f6-bd31-526a4d6425cf,57,91492.18,6,48667.3,5,2
fbf0ecfa-8d28-4cdf-a300-bfae2fb2c411,19,117151.87,2,38084.98,7,1
f8eafb8f-6946-4083-b582-0dffee22b407,82,133031.01,2,48404.19,0,3
55c20b70-f023-4651-8cc7-82178105b5f8,80,141374.69,8,22267.15,4,3
c9cf9faf-b839-4bf9-9598-c185bb02f093,34,115846.61,2,14279.24,0,1
cae9f57e-57de-41ff-acd3-db35d95d9ce5,26,149855.97,7,40015.51,9,3
5861aefd-3a78-415e-8838-3fb166c60d44,32,45430.05,3,16649.57,7,0
45ac636c-804e-4430-b64b-48d876c8d1e0,41,58156.85,8,15319.48,7,3
0a6558c1-880b-424c-b57d-620ab77a0582,55,167372.3,7,12009.05,0,1
70497354-89b5-4668-a5d9-c56872fa173c,52,78055.04,8,6919.11,8,3
2323c026-39ee-4fca-b4a0-3313567752e6,66,24120.89,7,13194.92,1,4
0dc4ee31-6296-4930-8cc1-9a6a4c1995a3,86,47682.41,6,18088.33,8,2
4c6a2dc7-eb9b-4489-810b-73a8cbed9f50,79,60250.6,7,33862.71,0,0
88e415e9-11d2-42f5-a656-3bcd3c65fe78,77,192318.12,5,3596.96,9,4
3074e75b-1e02-4e5a-bd90-3fccd5b68e42,67,123147.46,7,10920.09,8,4
bb0ed94f-4a24-454c-8a6a-8b781c6ab751,26,187891.53,1,40546.67,3,1
804dbf39-33b4-49f1-9b1a-e3283c3ab00e,51,123529.4,1,7772.64,8,2
6c7fe4ce-a688-4b30-8301-db4e54575423,52,106283.8,9,17460.93,6,2
5aabb3c4-220e-4fd0-8cf2-a8706a108b0e,18,76470.98,5,43300.62,5,0
06d01c16-b04c-45a1-ad6a-4248afe7ac3e,57,129146.77,5,8168.8,4,1
e0c1bf8e-d2bb-4b36-8057-2c06003633da,81,45055.64,3,4595.47,8,0
3ec53cd1-2360-458d-8c05-a69a76707b51,39,181687.09,5,24484.63,1,3
e06f8b1e-4a56-4e9d-bfec-7af0447cac37,77,169279.83,3,15469.77,1,4
739f7bfd-96d2-4c3c-b96c-a4eefdb9e5f5,81,77155.66,9,28388.71,8,0
5e6e1cc2-7ef4-46e4-97ee-a7a3043cdd27,89,191503.55,9,40288.34,2,4
183ffe9e-6e5a-4448-a73c-07c12d0e5c5a,28,168536.14,6,7288.85,7,1
4a134462-20d9-4246-9fb5-3aac4ff47b16,31,139935.24,1,29244.6,8,3
b46503f0-e63c-41bd-a809-b73025a6297d,77,41917.14,7,25522.68,7,1
d311186b-824e-43b2-9cba-d1eb26a8713c,47,106082.12,7,7631.9,3,3
bdd79755-1a37-407c-8713-84bce074b638,52,111099.36,4,31387.93,0,3
8a4543da-c06a-42e2-8699-a6d16e2c3091,54,61859.24,8,14045.2,3,4
29a7296c-14f1-41f4-a44b-4c443221789b,22,34393.77,6,24647.8,8,1
6bd55ca0-400d-4514-a927-182655f77f91,43,159810.25,4,4572.48,1,1
ed3d2adf-13b6-4cd6-b71f-177eb2daf7d1,79,41966.31,4,23249.41,2,0
9e07e536-ea4b-4726-b84c-f30591cfdc56,21,126972.34,2,15669.94,9,1
7a1d1e74-ef81-4e1f-b61b-af8ff8c2fd7b,59,188560.85,2,41207.87,7,0
1755ed0c-9c7d-4d1f-a369-8566b5cb9b29,35,177698.93,4,3320.45,5,2
464340c8-8aa0-4b01-93b4-260a547e60cb,57,69995.47,5,21221.06,7,2
ba531f1b-c8ee-47cf-a449-81c0a132abf0,89,173260.75,8,23192.36,6,2
79648b42-de04-42eb-ba00-c1f459af868b,56,20059.85,6,36387.8,4,1
a32794b2-b6bc-41d1-ae0a-fa945f4c6754,31,23183.81,4,28927.23,8,1
fa6271b0-ec58-44d2-bb31-25bc5fd2812c,49,128459.57,7,33527.01,3,0
a5d05e55-489e-4e7d-bf30-1f93a7b3873f,68,85663.68,8,38963.94,5,3
fa7f1093-bd49-4f75-b572-5ad1c4e23980,55,89562.95,2,43179.05,1,0
e102c4fe-b631-4322-b227-f3b2ce2d8eef,40,121599.4,7,16036.84,1,2
0027bcd3-5213-4c20-b355-f3b29b644e09,80,54520.84,2,27132.12,1,0
c9091db2-48e2-4de7-817e-19fac9fe4bfe,32,58115.96,2,42085.35,9,3
913e515b-131c-4f37-adee-e495756a69f6,42,107228.29,8,49477.83,6,1
37056067-a105-419d-9114-691fb72606f4,34,155765.64,2,44531.21,1,0
dbbfb7a9-7739-4dc1-a87d-5edf784c2a79,83,131509.6,9,18887.63,1,2
4c14cbe6-265f-4b7b-8b12-93df3d8de60a,70,73523.91,1,10160.74,8,2
1b50f181-49bf-458a-a9c5-7d8e97b5c4b4,68,97460.69,9,24724.93,6,1
70c3c626-db2a-4b4a-a362-194e6f41f0f5,56,50719.66,1,37211.25,2,0
40a9e0ca-7c1a-4310-80f6-5f7a906dd55c,68,33433.37,2,24882.17,2,3
cfcb4912-f4aa-466c-a3c7-d7eae854a4c5,87,160885.29,6,24417.45,6,1
fb738ff5-c39b-498d-918c-e9a260e3150c,23,67769.73,6,41992.41,4,0
68bee882-3bae-48b1-bf42-3df70387956b,84,51997.95,1,18389.49,9,4
5571aa5f-9642-42e1-9460-23daa11963d2,24,144491.25,7,43059.84,5,2
79d3d109-cea9-4d2a-b795-a1edbc49cd4b,68,131249.3,8,20636.84,7,3
e96e74c5-14bf-47bc-bfec-c95b0379ce9c,89,133974.13,2,16747.54,8,3
85b0a4bf-6f38-4590-8493-476407a302fe,59,61201.03,8,22972.5,0,3
64f83c96-1d09-4f49-95fb-b637c6e2c0bd,81,61876.2,9,38241.12,2,2
74616d00-5c65-4e91-bea8-faedea234c41,32,59744.47,6,6737.1,6,0
64abdfaa-48ff-4bce-9345-87fe235eb5f4,46,51275.47,5,10222.75,5,1
94bcb229-642c-4283-991a-7ebe22d8dd4f,50,138030.26,9,47596.52,6,0
9524abe8-d2d3-481e-b941-b5a33eec2bf9,44,172642.86,9,9186.84,7,1
b68f6407-a1b8-4e10-b400-5d6bb5f7cb92,53,150377.14,1,28602.5,5,3
1b189ce9-0e05-46c3-99a6-1e365c63181d,46,162576.85,3,29176.07,2,0
6c749c72-89cb-4963-b617-1f9a6baea569,55,92863.72,9,24736.41,1,3
a6764cb1-590a-4cf0-bb85-a283b2dbafc3,74,137733.64,2,32414.89,6,4
435cf23a-d355-4781-8c27-b9798f3cdb41,44,83762.52,4,11876.42,0,3
17e9e505-a7c1-4e43-8142-822b1bc0c05a,72,114590.83,4,27856.78,2,3
a7ce982c-22a9-43d8-9263-70fa22742687,50,106694.27,2,18922.58,3,1
d591deaa-c82c-4039-9d33-92ff6406995a,85,51839.69,3,33252.53,0,4
3f8b0a44-14ec-4101-86f8-a106b3e2b3e3,83,89674.18,3,7490.57,4,3
c37a057a-6961-40ad-8f58-d816902dfb98,27,193488.01,1,28758.43,9,3
4dc33715-535d-46e3-84cb-a962221bf1d7,22,64744.45,6,9670.88,2,4
6d4e8d5d-b341-4718-abfe-b912d2fd5410,55,44084.67,8,14292.83,1,4
2475faf3-ca84-4b64-a23a-9e574a901a0b,30,95344.51,3,11326.14,2,0
d46e9b96-71d7-4fc3-8719-50ac7233cafc,48,162260.79,5,9550.47,7,1
a7f59223-ae0b-4b63-a0dc-ae1ca113c2e2,64,124786.68,1,41372.69,5,4
2f60dd97-364f-4705-af09-5363fcf0402b,69,142575.47,7,14642.52,6,4
953522f0-a50d-4def-86dc-63b82b8813e0,73,54145.07,1,46392.63,5,2
ec70d63e-9dee-4f03-b794-0bfde916abcc,32,131410.67,9,48511.36,5,4
7334e687-6d1b-4737-94aa-9539d35387d8,46,78230.07,8,28777.39,2,1
d043c0bb-1531-4a7f-a695-e1f4fa224225,25,170174.61,7,7578.56,7,3
ec87e187-2e64-4705-95a0-06fd540bfe1a,22,133273.79,7,19040.14,6,3
b9dc4deb-799d-47a1-a602-c70a5ee3efde,46,55794.13,5,39987.75,6,3
312caec0-77d9-48f2-873b-cdad58ce4cbb,64,31631.0,5,18685.84,5,3
8df95577-87a8-43e6-9c6e-e442d619cd7f,85,27673.98,5,4807.35,4,2
1db6770b-bdd3-4d67-8fbd-2fb79c522d48,62,86853.54,1,28060.85,9,4
9d4386a7-fe0a-4891-8175-bb12d3786df9,19,67853.2,8,42333.48,7,3
7c17b9fa-5347-456b-b23d-49ce0c821121,44,136296.22,1,39898.36,4,0
74cdbcae-26c6-4d4a-a06b-36d206ba5ee7,53,109880.09,4,9168.6,8,3
31fdd17e-40e3-488e-9c43-06172e3746dd,53,67883.47,9,33801.85,8,4
ebfa1a64-f0c9-42e1-a24d-2d35a8d9490d,43,46862.8,9,11414.96,0,3
fa96f058-7db7-48e4-8b44-bfb7d344ae92,60,42895.96,5,11301.27,5,2
5cce5839-e66c-461b-a8a3-3ce92d3fe63f,44,175638.87,4,43766.55,6,1
5e47777a-c2a6-4d2a-ad74-3440991e42b5,86,63826.03,3,12858.61,2,1
94fbab8b-4ec7-4a91-990e-d314b049c02a,37,137307.92,3,13530.74,6,4
a804c15a-fd27-4e45-b27a-b3c467cdc426,28,165923.47,5,532.34,6,1
3ef8f37c-298f-4980-a459-c846ad34c4c5,55,130534.64,1,43598.12,1,1
b888ef5c-e67d-44e2-ac38-a8f4357facf0,23,174721.74,5,39733.44,6,0
b0e1f692-a868-4d67-bd97-68b2f8a51ccb,89,90630.87,6,31552.78,0,4
8c4bd858-a52c-4e64-a7db-ab77d88959ef,40,192119.99,7,37638.16,4,4
a5cb4b86-3932-427f-a721-e28498a38390,64,43966.1,9,8026.4,8,1
b89c9acf-79ba-465c-bd26-3b3c6d691acb,63,38386.92,3,23187.02,6,1
a1a1b507-3bc3-4717-97e9-20b540d8b1f8,29,138564.59,2,17885.36,6,1
c847dbcc-42b3-4123-990d-791215d747c0,30,189709.61,3,5141.94,1,2
db44c7a5-6718-4525-83c9-9965e68c612d,79,165599.02,9,24563.46,7,3
d9f0748e-1313-4afc-b414-efb28a90e4e7,77,33755.03,7,46076.61,2,2
fe5c9c05-445b-4fdb-b8fa-c0a4dc6bcad1,60,70286.19,9,2482.93,7,4
4993c036-dc07-4de7-ba45-a6dab3a02a34,85,187457.4,2,14927.32,2,0
44a2b824-ee03-4895-a1c2-69237008b2f3,22,65550.52,5,10773.28,9,3
788d89fd-6595-4dba-b1d0-7fbbda35f66a,54,160610.68,4,12288.26,6,0
6289e9f9-cd3d-457f-9c7d-309bb2fcfb69,89,168523.8,2,45467.51,1,4
81ac7962-ed15-45c5-81a7-1379dbd60d9b,48,109181.38,9,23669.42,3,4
3ed2e41e-58d6-4ac7-853e-d2a564712e4e,26,89542.8,9,23581.82,5,0
36057c12-26ad-4d55-9974-b0dfebf67ee3,68,101022.4,6,38148.49,8,0
351a4aa8-be0d-47cb-aff1-61784d9bef1b,46,60853.64,6,8147.36,4,0
56ad7a8c-f41a-4585-a58e-dddcc54f5580,57,180090.36,8,24619.64,8,4
effa2efd-89d6-4e4d-8f8d-271d0f8eb68f,58,101111.54,6,21784.27,4,1
726eb549-5000-4c92-95b1-d2f6ccebf473,28,178842.7,1,30047.08,9,0
6c110027-51d2-4dc7-8320-98360aa7bb82,40,39024.83,4,49978.11,7,3
fe2dbcea-1f1d-444b-b1f5-8ccaece3744c,18,197889.55,7,38587.72,0,4
8281ffc7-2a7a-4707-a8af-2083ba207a74,63,99789.16,2,20194.35,6,2
c41892a3-0765-41eb-857b-31fa0f59ad01,38,28609.55,9,41463.88,3,2
97be6949-fb8d-4356-9edd-c6e4ccc77295,53,26843.93,8,8950.06,4,3
89798eb9-2e7a-4940-ad85-9014e8caa637,71,154317.31,8,2007.95,5,1
79d08861-3c0c-4365-b9d2-3b1e1854a322,74,138626.4,7,10620.19,4,0
49d7904f-fc36-4a69-886e-203478421547,18,164383.5,4,17350.37,0,4
49e175eb-fe2f-4c80-bfb1-1f67e2b5479f,80,38966.16,2,25773.75,8,0
c3851af1-0a21-4713-aa34-9fbd893c464a,71,26402.76,3,30948.89,1,4
ef3058c5-d477-490f-a157-b6fd440dc043,72,111544.27,6,45574.98,8,2
27b31117-ff61-40a0-8caf-8cb4690b7b43,57,89767.14,5,25737.77,9,0
15f7bcb5-6eca-436b-b206-cc8f3dc3ff4f,32,103150.45,8,25313.14,1,3
0e0f6b7a-99bb-45d5-96e5-5b55084319fb,38,198485.91,6,2987.03,8,1
591238f5-f93a-4622-881a-10f780709f36,64,194734.99,6,2228.12,5,3
182da44c-2822-42e9-b9a4-2bfd3a874983,70,189616.77,1,27782.42,8,1
9b1f4969-d837-4398-87ce-2bd26a25974c,26,161091.68,4,22189.84,5,0
57b8be0c-7f60-410d-bc42-10e24a9bdd27,69,83871.44,5,42039.43,5,0
ad8af46a-0b22-4409-b7f0-b0429da7ffa0,74,94183.57,3,8453.64,1,1
05382da2-50e6-4cfa-a010-75b73fbc0eb4,43,118930.89,9,1736.1,7,2
e1a5c300-06c8-4f2c-9bf3-59aed00a8082,58,169496.2,1,22727.42,2,4
f35a4cff-3963-4946-bd49-2659b9e7c429,52,32368.31,6,12255.19,6,3
92afc271-9261-49d8-975c-75b3a3f68d13,80,96373.44,6,2955.91,4,3
e1df7220-4a0d-4140-b837-6150a2f019d0,42,34871.18,5,36367.62,2,3
91980e2a-8054-472a-9fec-5f74c67018d0,55,112638.37,5,6023.85,0,0
ec7af00e-af47-44be-bb46-39efabf30451,19,181802.15,5,30611.82,7,3
72570a5e-fcf7-48b6-baec-2029a42b3e64,24,160847.29,6,14411.96,2,4
f82a71e7-b3ef-4f25-81b8-c3da8119d51f,51,61011.64,8,9088.05,1,4
d7e895b0-c32f-473a-9fe8-f6158879264d,34,195678.35,2,19297.7,0,1
33b61aa4-1db1-4b45-8ecd-7e7a8f645112,60,140123.07,6,40171.57,3,0
e6cf0cd3-590e-4e1a-ac78-f3ce5271c324,76,21876.99,1,19908.63,7,4
0f45bcd9-6057-4c87-958e-758c4f39a01c,68,65974.43,4,37663.1,2,2
df86e512-1537-4d77-b4ef-e4b206087f6d,71,66928.39,3,6711.57,0,0
a2141aa7-5671-48d1-b6c3-2c3cee52d499,41,32465.78,9,38752.19,3,0
547129da-691a-4cd7-a433-dfc3ec9b8e4b,42,192768.77,3,12228.2,8,4
83f907cd-0a8f-44b2-bd55-b8166575dd82,88,106085.95,6,34030.96,0,2
38ca7739-85e3-4f06-92f2-b0adc12dc7eb,69,181246.63,1,28506.19,1,1
00e64364-cb0e-4ece-8611-19c2d1032126,87,77998.79,6,46492.66,8,4
5af27177-533e-4d67-acf4-835fdd124585,50,42542.04,4,19672.46,1,2
5f7b64e6-08f8-45f8-b5a3-e3f28bcd47e9,66,105380.5,8,3775.18,2,0
8fe28318-f99c-4705-a06d-8af87f440cc8,46,40512.19,9,1448.2,6,2
f1cfcece-6d85-4f22-b807-06413dcf059f,80,107482.79,4,41429.5,2,0
61739faf-9730-4a32-a5df-bef3ad9e8fb9,39,185653.49,6,26474.41,8,4
fc953374-0416-4d86-b2ec-8989f9c78c3b,43,113738.27,1,38874.58,5,4
d4d756eb-7b20-4a9a-8be5-514bc6126b1e,45,130969.95,4,12104.07,2,3
88baa402-5ece-4e0f-bb6d-a6e14b08d064,66,48194.92,7,17581.65,8,3
7320866e-a8d5-478f-a8d9-7e99ad7d4371,88,27872.41,1,1990.14,0,3
41f0b87e-b8eb-4315-9dfc-fc0772a5b0e7,66,39945.43,8,48093.87,9,4
3fd412ea-b71c-4596-a19e-de1a09a0a09f,37,127735.68,6,33559.46,2,1
2abf0993-91c5-423f-b2ca-bd0c6ca6da93,80,37102.11,5,46693.65,0,4
58b6dc73-c105-42e0-8282-e6a0c46c964c,78,87678.72,9,13642.07,1,2
2f5b08a2-7266-4c04-8e82-9d7259e4c935,66,119016.55,2,30767.45,7,4
7865ae4f-aa80-482b-ac62-8af60017ee8e,88,89957.5,5,34085.75,6,4
91d9b7ca-602f-41ba-a7e6-a27d6d9b3e62,18,49463.08,6,16218.71,1,0
929a875e-4250-4b4a-b632-0bac9dc875c0,30,69282.44,7,42481.41,1,0
0afef932-e674-445c-b777-9fe11e3b7135,68,187097.16,5,47384.49,8,0
611c1231-b37d-4200-856c-a8444f00bc40,73,141676.81,9,44300.33,5,4
327fd96e-8427-4e8f-ab29-36dc4ce423a2,79,109288.61,1,37083.82,4,1
0ea87be3-8233-4eac-a260-bc3231bf4716,49,22288.68,7,14234.5,9,2
120fbf5e-15fe-4da2-b920-7ae98d67d711,47,198634.77,7,14439.99,5,2
94fc7d50-5900-4ad1-929a-2144ce867455,46,140861.89,4,48186.34,8,1
345c2a09-dac2-40c8-8532-1d293a118df5,66,77046.05,9,1009.08,6,1
7c933e57-0f30-4b3b-a4fd-ecd903a82523,62,178268.36,5,35944.47,9,2
c3817037-d8b2-405c-839d-71fd00745645,47,66517.69,4,35459.19,9,3
21722e51-8a0a-4533-af4e-5cd3ee0913cf,33,117922.98,7,31323.13,8,0
c1259576-b70e-4c3a-97f3-4cf55964436c,57,134492.74,4,49510.39,3,0
bcd6fe6e-7cb0-4cbd-9c34-424b388ae747,36,59791.41,3,15938.03,1,2
bc8a5f46-21ee-47e9-b672-871dd70e9060,35,196111.51,9,17328.61,7,1
34da12e4-c1d1-4436-b5e4-9d3e0c8d80b1,18,154674.54,8,4407.5,3,3
91d17075-894b-4bb6-bcd6-1aecb732b355,64,120406.38,1,22418.51,8,2
5fe35145-fe25-4e95-9e56-95f34c5e5548,83,52507.03,7,13421.9,3,0
335f6ecc-154d-47ac-b8f0-b1aa6dff0c2e,55,29694.48,9,17497.64,7,4
e6655896-d4eb-4930-bf78-150a630cc2a4,68,77610.77,8,41811.3,8,1
e8ee8ad6-4d72-4e0f-a289-93c1ea363da7,80,155573.72,8,46806.48,8,4
e327f6e0-8c1b-4770-8ef8-d6c0d8431d13,21,68479.63,6,9693.79,9,2
23e4f4b7-536a-4802-9014-1520d7a260f0,18,117120.12,4,18939.19,3,0
afa0cd93-6784-430b-9413-bc14198fcc1f,25,151030.49,8,46467.21,0,3
d8ec094a-5feb-4f4c-95b3-ad25df0ee3cc,46,39429.87,3,3559.52,2,4
3bbbd780-e69f-4363-9bc9-3cbe7e1f75b6,72,143353.64,9,5071.85,8,3
03e422c3-051d-4c65-8acf-55dc3d403aa6,20,36536.76,2,8558.15,3,0
74744c8f-52dd-416a-bdb5-b556a194bc06,49,193723.35,2,29963.04,4,4
bb02d791-6079-4d01-b9d1-80a5b4affac0,27,107910.94,7,7948.38,6,3
8bcfb969-6a44-40a2-b90d-65a21050914a,51,47121.7,4,48419.78,4,3
82708460-a698-4e95-bb51-01296006ef97,72,81629.05,8,22612.37,3,4
6a6d5753-15af-446c-ae99-92ca19b8c6ac,49,94414.96,9,25325.14,1,0
6233e324-ea76-425c-8f18-2af7c8a4b68d,67,156473.3,7,12709.6,1,3
